Customer_ID,Customer_Location
CUST_013738,TN
CUST_011726,TN
CUST_010891,IN
CUST_011452,MA
CUST_010886,AZ
CUST_010410,MI
CUST_011600,MI
CUST_012368,IN
CUST_014778,TX
CUST_010262,LA
CUST_011456,LA
CUST_011615,KY
CUST_014005,OK
CUST_013862,MD
CUST_014608,MN
CUST_013835,TX
CUST_010934,CO
CUST_013629,GA
CUST_011705,IN
CUST_010104,KY
CUST_014197,SC
CUST_011361,AZ
CUST_013358,IN
CUST_011079,GA
CUST_014710,NY
CUST_013508,AZ
CUST_012294,CO
CUST_013331,MO
CUST_013066,TN
CUST_010750,NC
CUST_013418,KY
CUST_011609,MN
CUST_010373,MI
CUST_014336,CO
CUST_014113,CO
CUST_010841,MO
CUST_011369,OK
CUST_012577,NY
CUST_012033,LA
CUST_012473,NJ
CUST_013908,OR
CUST_014512,IL
CUST_012002,IL
CUST_012496,OK
CUST_012379,NC
CUST_011599,MI
CUST_010047,NJ
CUST_013993,TN
CUST_013243,NC
CUST_011939,OH
CUST_011895,CT
CUST_013978,CO
CUST_014027,CT
CUST_014258,KY
CUST_013592,TN
CUST_014595,IL
CUST_011468,VA
CUST_013556,IN
CUST_012004,OH
CUST_011754,OH
CUST_013022,PA
CUST_010595,FL
CUST_014982,NJ
CUST_012123,PA
CUST_011498,NJ
CUST_013239,OR
CUST_011002,NJ
CUST_013935,OR
CUST_012504,AZ
CUST_011916,WA
CUST_010307,UT
CUST_014595,PA
CUST_011362,LA
CUST_014554,AL
CUST_010392,AL
CUST_014038,AL
CUST_011388,FL
CUST_013191,CO
CUST_010410,WA
CUST_011740,NC
CUST_014218,MA
CUST_011360,TX
CUST_012851,WA
CUST_013057,TX
CUST_013201,CA
CUST_010997,WA
CUST_013648,GA
CUST_011125,CA
CUST_010069,NY
CUST_013654,MD
CUST_014981,NJ
CUST_014613,MA
CUST_013891,SC
CUST_013370,MI
CUST_013759,LA
CUST_011217,WA
CUST_014019,CO
CUST_012326,OK
CUST_010902,LA
CUST_010581,CT
CUST_014097,OR
CUST_010616,TN
CUST_011526,LA
CUST_014503,WA
CUST_011641,CO
CUST_012105,UT
CUST_012593,NJ
CUST_012287,NJ
CUST_014660,IL
CUST_011938,TX
CUST_014726,CT
CUST_010798,KY
CUST_013762,MO
CUST_010612,NY
CUST_011201,PA
CUST_013720,LA
CUST_010852,MA
CUST_010938,OH
CUST_010959,CA
CUST_012577,OR
CUST_012180,UT
CUST_013765,CA
CUST_011196,AZ
CUST_014608,CT
CUST_012535,CA
CUST_010890,AZ
CUST_014479,NJ
CUST_010917,CO
CUST_010969,PA
CUST_012640,AL
CUST_011022,TN
CUST_013672,SC
CUST_013089,MO
CUST_014478,MA
CUST_011124,IL
CUST_010502,OR
CUST_013495,CT
CUST_011203,TN
CUST_012725,KY
CUST_012336,MI
CUST_014707,WA
CUST_014328,FL
CUST_011915,GA
CUST_013931,IL
CUST_013305,AL
CUST_013665,CT
CUST_013403,PA
CUST_013868,VA
CUST_013863,MI
CUST_012416,IL
CUST_013523,MO
CUST_014892,PA
CUST_014810,LA
CUST_011866,MO
CUST_012770,GA
CUST_012525,AL
CUST_011611,NY
CUST_011526,MD
CUST_011037,SC
CUST_014128,PA
CUST_012644,PA
CUST_013382,MN
CUST_012419,MD
CUST_010986,NJ
CUST_010516,AZ
CUST_011729,NY
CUST_012525,MD
CUST_011854,IN
CUST_013349,MD
CUST_010978,MN
CUST_014809,NJ
CUST_010022,LA
CUST_010416,MN
CUST_013684,AL
CUST_012560,OH
CUST_011243,GA
CUST_010943,KY
CUST_012470,NC
CUST_010969,OH
CUST_011565,OH
CUST_014611,SC
CUST_011231,OK
CUST_014264,GA
CUST_014828,MD
CUST_010298,PA
CUST_012826,UT
CUST_010913,PA
CUST_012929,CT
CUST_012693,VA
CUST_012052,MD
CUST_013517,PA
CUST_014956,MN
CUST_011280,VA
CUST_014561,IL
CUST_013829,MN
CUST_014844,NJ
CUST_011097,WA
CUST_011710,LA
CUST_013684,WI
CUST_011873,MN
CUST_011442,AL
CUST_014507,KY
CUST_011257,NY
CUST_014805,GA
CUST_014579,MI
CUST_012749,NY
CUST_013233,MA
CUST_014937,KY
CUST_011384,KY
CUST_014373,KY
CUST_011924,CT
CUST_012756,OH
CUST_011649,UT
CUST_013028,AL
CUST_011398,UT
CUST_010968,FL
CUST_012767,SC
CUST_014065,NJ
CUST_013628,OR
CUST_014575,PA
CUST_011103,FL
CUST_013172,NJ
CUST_010261,WI
CUST_011019,GA
CUST_010333,MN
CUST_014378,OH
CUST_013518,MO
CUST_011902,KY
CUST_010531,GA
CUST_013422,OH
CUST_010199,AL
CUST_014688,TN
CUST_010925,UT
CUST_014419,FL
CUST_011464,NY
CUST_014026,NC
CUST_011593,NJ
CUST_014774,LA
CUST_013397,VA
CUST_013304,IL
CUST_014649,KY
CUST_011112,MI
CUST_012008,MI
CUST_011371,MI
CUST_010498,KY
CUST_011859,MI
CUST_014821,VA
CUST_011218,CO
CUST_013101,WI
CUST_013235,MN
CUST_013938,WA
CUST_010002,PA
CUST_013845,SC
CUST_011348,WI
CUST_014470,AZ
CUST_011163,LA
CUST_010714,WI
CUST_014224,CA
CUST_011604,GA
CUST_013822,MO
CUST_010724,OH
CUST_010799,MO
CUST_014314,WI
CUST_014283,UT
CUST_012205,MI
CUST_013250,UT
CUST_012694,FL
CUST_010008,SC
CUST_010372,GA
CUST_014018,GA
CUST_012175,AL
CUST_011324,CT
CUST_011005,AZ
CUST_013724,OH
CUST_013288,WI
CUST_011128,PA
CUST_014914,MN
CUST_012123,LA
CUST_014931,FL
CUST_014585,PA
CUST_010022,PA
CUST_010113,KY
CUST_013226,MD
CUST_014543,SC
CUST_011850,UT
CUST_011768,CO
CUST_013679,MD
CUST_013530,OH
CUST_013758,WI
CUST_011269,LA
CUST_013264,CO
CUST_011432,AL
CUST_011998,KY
CUST_010717,TX
CUST_013307,NJ
CUST_014097,NJ
CUST_010762,CO
CUST_013626,NC
CUST_010447,MO
CUST_013904,MO
CUST_011498,MA
CUST_011174,IN
CUST_011045,OK
CUST_014637,VA
CUST_014618,CO
CUST_014784,AZ
CUST_013533,MN
CUST_010008,IN
CUST_010074,WI
CUST_012526,LA
CUST_013642,AL
CUST_014965,MI
CUST_012445,IN
CUST_012699,AL
CUST_012189,NY
CUST_013526,OR
CUST_012958,NC
CUST_011259,SC
CUST_010332,OK
CUST_013922,OK
CUST_014316,OH
CUST_010695,IN
CUST_012315,OK
CUST_010906,IN
CUST_011128,AZ
CUST_014627,NJ
CUST_011976,IL
CUST_011461,KY
CUST_014494,SC
CUST_011201,TX
CUST_014654,TX
CUST_010599,TX
CUST_011835,CO
CUST_012373,AL
CUST_010798,IN
CUST_012649,CA
CUST_013721,AZ
CUST_013264,MI
CUST_013004,NC
CUST_014652,TX
CUST_011840,NJ
CUST_014302,SC
CUST_010039,GA
CUST_012570,MI
CUST_014081,IL
CUST_014361,OR
CUST_013456,OR
CUST_012917,UT
CUST_010539,MN
CUST_013563,OK
CUST_012349,GA
CUST_011701,VA
CUST_010542,OR
CUST_011886,MA
CUST_013167,GA
CUST_014194,NY
CUST_010399,OR
CUST_011489,MA
CUST_010006,MI
CUST_013223,CO
CUST_013828,IL
CUST_013377,CT
CUST_011561,WI
CUST_014324,IN
CUST_014113,GA
CUST_011016,PA
CUST_010951,MI
CUST_012205,MD
CUST_014056,CA
CUST_012798,KY
CUST_011356,SC
CUST_014751,NC
CUST_010199,TX
CUST_012915,AZ
CUST_013088,TN
CUST_012223,MN
CUST_012548,AL
CUST_011108,GA
CUST_011349,AL
CUST_014497,VA
CUST_010273,IN
CUST_011012,VA
CUST_014755,IL
CUST_014524,WI
CUST_012977,LA
CUST_010373,PA
CUST_012271,TN
CUST_011508,LA
CUST_011240,OR
CUST_010546,CO
CUST_010874,NC
CUST_011795,TX
CUST_014910,OH
CUST_011392,NJ
CUST_014105,VA
CUST_014696,AZ
CUST_011197,TN
CUST_014882,PA
CUST_014191,SC
CUST_011097,TN
CUST_013392,MN
CUST_012253,KY
CUST_013187,SC
CUST_012570,UT
CUST_010628,TX
CUST_011480,UT
CUST_011784,AL
CUST_010783,CO
CUST_014610,GA
CUST_011645,UT
CUST_014402,OR
CUST_013958,OK
CUST_012651,UT
CUST_011274,TN
CUST_013086,AL
CUST_014912,NY
CUST_013372,OK
CUST_013108,MI
CUST_010903,OR
CUST_012820,LA
CUST_014052,MA
CUST_013351,NJ
CUST_012715,IN
CUST_011300,MI
CUST_010320,VA
CUST_011045,CO
CUST_011236,SC
CUST_010528,OK
CUST_010018,MO
CUST_010920,MO
CUST_011807,OR
CUST_011105,OH
CUST_010134,AZ
CUST_013745,CA
CUST_013164,TN
CUST_012181,NJ
CUST_010708,IN
CUST_012442,CT
CUST_014842,KY
CUST_013132,IL
CUST_012329,WI
CUST_011212,AL
CUST_012813,KY
CUST_012595,LA
CUST_011383,WI
CUST_013986,WI
CUST_014921,SC
CUST_013967,MD
CUST_013419,LA
CUST_010178,TN
CUST_012290,MD
CUST_010355,NY
CUST_011804,VA
CUST_012742,WA
CUST_013538,TX
CUST_010899,SC
CUST_011770,PA
CUST_012180,NC
CUST_013460,MN
CUST_013915,NY
CUST_013920,AL
CUST_013425,FL
CUST_014003,AL
CUST_010360,WI
CUST_014260,MA
CUST_011517,CA
CUST_012377,SC
CUST_011896,IN
CUST_013308,NY
CUST_013918,OH
CUST_013055,NC
CUST_011171,CO
CUST_011501,CT
CUST_012278,CA
CUST_014483,MI
CUST_010099,GA
CUST_012815,IN
CUST_013609,MO
CUST_010134,MI
CUST_010502,MN
CUST_014684,OK
CUST_011119,KY
CUST_013018,SC
CUST_010731,TN
CUST_010059,FL
CUST_011747,PA
CUST_010455,WA
CUST_010123,PA
CUST_014866,PA
CUST_012928,NJ
CUST_013624,FL
CUST_012193,NJ
CUST_010959,PA
CUST_013408,NJ
CUST_014984,UT
CUST_010382,OH
CUST_010972,NJ
CUST_011428,WA
CUST_013859,NC
CUST_014383,SC
CUST_014577,NY
CUST_010241,MA
CUST_012100,NJ
CUST_010324,TN
CUST_011902,OR
CUST_013634,FL
CUST_013089,WA
CUST_014157,TX
CUST_010371,CO
CUST_011808,CT
CUST_014727,IL
CUST_014972,TN
CUST_011991,MD
CUST_010278,OR
CUST_013231,MN
CUST_012981,CA
CUST_012555,MI
CUST_010393,NJ
CUST_010380,MI
CUST_014794,MO
CUST_012802,VA
CUST_010550,MO
CUST_011670,TX
CUST_013657,VA
CUST_012581,CA
CUST_014279,WI
CUST_011269,CA
CUST_014514,AZ
CUST_013773,MI
CUST_011417,MN
CUST_012928,UT
CUST_013377,SC
CUST_013263,MD
CUST_013262,OH
CUST_012036,WI
CUST_010008,NY
CUST_011270,MO
CUST_010643,MD
CUST_010895,FL
CUST_014648,FL
CUST_014663,NY
CUST_013453,MA
CUST_013662,CO
CUST_013101,OK
CUST_014371,OR
CUST_010850,VA
CUST_013616,VA
CUST_011822,UT
CUST_014681,VA
CUST_013058,CA
CUST_014406,GA
CUST_013583,PA
CUST_012786,IL
CUST_013587,WI
CUST_010406,CA
CUST_012451,UT
CUST_014800,KY
CUST_012731,VA
CUST_012029,UT
CUST_012635,CT
CUST_013702,IN
CUST_014775,UT
CUST_010559,MA
CUST_013651,MN
CUST_012211,CA
CUST_010825,MO
CUST_014533,CT
CUST_011404,NJ
CUST_011905,OH
CUST_014471,LA
CUST_010918,CO
CUST_013621,MD
CUST_010185,FL
CUST_010223,MA
CUST_013456,IL
CUST_013452,OR
CUST_013797,MA
CUST_011101,GA
CUST_013992,CO
CUST_011619,UT
CUST_012809,TN
CUST_013640,MD
CUST_012212,SC
CUST_013177,MD
CUST_010793,LA
CUST_013253,MO
CUST_012499,IL
CUST_011278,WI
CUST_012784,WI
CUST_013754,NJ
CUST_011496,CA
CUST_011305,LA
CUST_011564,AZ
CUST_014334,UT
CUST_010813,WI
CUST_011321,NY
CUST_010549,NJ
CUST_011942,NJ
CUST_012119,AZ
CUST_014567,TN
CUST_013079,NC
CUST_010956,KY
CUST_011470,MI
CUST_013738,KY
CUST_010866,MN
CUST_012665,WA
CUST_013139,VA
CUST_011541,IL
CUST_013525,GA
CUST_010563,MD
CUST_014067,KY
CUST_014339,MI
CUST_013577,MO
CUST_014916,MI
CUST_012562,GA
CUST_011911,LA
CUST_014031,LA
CUST_010240,VA
CUST_011970,UT
CUST_010939,LA
CUST_012171,VA
CUST_011639,CA
CUST_013809,TX
CUST_010550,AL
CUST_010252,AZ
CUST_014029,NJ
CUST_011515,LA
CUST_011636,MI
CUST_011429,NJ
CUST_010135,IL
CUST_011825,TN
CUST_013659,OH
CUST_012461,OH
CUST_012227,OH
CUST_011926,AZ
CUST_011628,CT
CUST_011670,CO
CUST_013925,OR
CUST_012245,VA
CUST_013572,WA
CUST_010294,WA
CUST_010121,TN
CUST_014541,CA
CUST_011480,OH
CUST_010974,CO
CUST_010744,NY
CUST_014709,MI
CUST_013384,VA
CUST_014383,TN
CUST_011201,TN
CUST_012057,CA
CUST_013593,FL
CUST_014737,MD
CUST_014636,CT
CUST_010648,SC
CUST_010844,CA
CUST_013481,IN
CUST_011021,MA
CUST_010686,TN
CUST_010950,IL
CUST_014218,MI
CUST_010905,OR
CUST_014789,LA
CUST_011155,AZ
CUST_011012,NY
CUST_010914,LA
CUST_013837,SC
CUST_010935,VA
CUST_012783,MO
CUST_010440,LA
CUST_014720,LA
CUST_013818,OH
CUST_011893,CO
CUST_014843,NJ
CUST_014067,TX
CUST_012611,PA
CUST_011758,FL
CUST_012536,NC
CUST_011787,TX
CUST_012787,FL
CUST_012230,VA
CUST_011744,NJ
CUST_010711,WA
CUST_011144,GA
CUST_014480,MO
CUST_014774,OK
CUST_012209,CA
CUST_014973,AL
CUST_012720,MA
CUST_012885,NC
CUST_011873,OK
CUST_013202,TN
CUST_011240,TX
CUST_012604,MA
CUST_010952,WI
CUST_013304,OH
CUST_011012,CA
CUST_011990,NY
CUST_014093,MD
CUST_013483,TX
CUST_014618,LA
CUST_014022,TN
CUST_012655,NC
CUST_012090,IN
CUST_014691,FL
CUST_013370,NY
CUST_010747,SC
CUST_011176,CA
CUST_012178,OR
CUST_012520,TX
CUST_013499,IN
CUST_011440,MD
CUST_011306,MD
CUST_011052,CT
CUST_011330,UT
CUST_013102,CT
CUST_011939,AZ
CUST_011652,MD
CUST_014779,CO
CUST_014133,MA
CUST_010414,WA
CUST_014837,MA
CUST_013404,IN
CUST_014239,AL
CUST_013402,MA
CUST_010077,FL
CUST_014016,OR
CUST_013929,CA
CUST_011077,NJ
CUST_014394,MO
CUST_010033,VA
CUST_013387,PA
CUST_013196,FL
CUST_010046,SC
CUST_011278,MN
CUST_011469,OH
CUST_012470,KY
CUST_012659,MI
CUST_013777,CT
CUST_012915,OK
CUST_014029,MI
CUST_014700,GA
CUST_014929,NY
CUST_013725,GA
CUST_013044,WI
CUST_012549,UT
CUST_010817,OH
CUST_013288,OH
CUST_012780,MA
CUST_011586,MI
CUST_013809,UT
CUST_014687,MO
CUST_012212,LA
CUST_010729,PA
CUST_010468,MI
CUST_013890,MI
CUST_010767,AL
CUST_013153,PA
CUST_010386,MN
CUST_014118,TX
CUST_014140,IN
CUST_012249,CO
CUST_011514,MA
CUST_011249,CO
CUST_010404,WI
CUST_011161,MN
CUST_011626,WA
CUST_010353,NJ
CUST_013400,CA
CUST_012424,MI
CUST_014750,MN
CUST_012873,MO
CUST_013433,NY
CUST_011895,TX
CUST_013521,KY
CUST_014371,CO
CUST_012266,SC
CUST_010734,VA
CUST_013020,AL
CUST_013112,IN
CUST_013058,MO
CUST_010158,AZ
CUST_014185,MO
CUST_011367,OK
CUST_011489,NC
CUST_011794,MN
CUST_011757,MN
CUST_013438,MD
CUST_012316,OH
CUST_010411,FL
CUST_010051,AL
CUST_012752,IL
CUST_013718,MD
CUST_013637,LA
CUST_014310,LA
CUST_014198,MN
CUST_012044,TX
CUST_013109,CO
CUST_013257,IL
CUST_011799,GA
CUST_014996,NJ
CUST_010012,NC
CUST_010073,CT
CUST_010380,AZ
CUST_014060,MN
CUST_012649,OK
CUST_010704,NJ
CUST_014280,WI
CUST_013735,NJ
CUST_013656,GA
CUST_012445,MI
CUST_013714,NJ
CUST_013481,VA
CUST_013551,MI
CUST_014514,OR
CUST_011534,MA
CUST_010179,TN
CUST_013670,GA
CUST_014100,LA
CUST_011139,CO
CUST_012576,SC
CUST_012873,SC
CUST_014743,TX
CUST_013717,UT
CUST_011357,GA
CUST_013026,VA
CUST_012178,KY
CUST_013236,CT
CUST_011521,UT
CUST_014055,WA
CUST_014986,MA
CUST_014884,MN
CUST_011439,CA
CUST_011263,UT
CUST_011317,AL
CUST_011127,IL
CUST_013500,TN
CUST_014404,MN
CUST_014099,UT
CUST_011718,AL
CUST_014931,OR
CUST_011208,OH
CUST_012085,CA
CUST_010912,GA
CUST_013081,CT
CUST_012864,MD
CUST_014336,MO
CUST_012467,TX
CUST_014529,LA
CUST_013950,MN
CUST_010996,GA
CUST_011146,PA
CUST_010385,MO
CUST_012717,UT
CUST_014115,CT
CUST_013312,SC
CUST_011555,CO
CUST_011448,VA
CUST_014613,NC
CUST_013602,AL
CUST_014824,IN
CUST_011213,MI
CUST_012904,MD
CUST_013771,CO
CUST_011344,FL
CUST_014454,MI
CUST_010454,IL
CUST_010070,GA
CUST_014364,CO
CUST_013691,MD
CUST_011673,OR
CUST_014682,UT
CUST_014364,MO
CUST_011579,MN
CUST_014707,OH
CUST_011065,CT
CUST_012295,FL
CUST_014451,NY
CUST_014094,VA
CUST_013195,FL
CUST_012199,OH
CUST_010107,TX
CUST_010699,MA
CUST_013829,WA
CUST_013341,NJ
CUST_010240,MI
CUST_011234,OH
CUST_012926,MI
CUST_014819,UT
CUST_010974,NJ
CUST_011158,MO
CUST_013750,OH
CUST_012701,AL
CUST_014663,KY
CUST_010857,AL
CUST_010604,OR
CUST_014520,WA
CUST_012899,AL
CUST_011651,KY
CUST_010340,CT
CUST_013053,MO
CUST_014647,TX
CUST_013297,TX
CUST_014954,KY
CUST_011144,FL
CUST_013243,NJ
CUST_011450,MA
CUST_013829,UT
CUST_013186,VA
CUST_010212,NJ
CUST_012039,GA
CUST_013715,TX
CUST_010007,PA
CUST_013421,MA
CUST_010838,MO
CUST_013344,SC
CUST_010522,GA
CUST_012803,OH
CUST_012604,VA
CUST_010639,MA
CUST_013835,NC
CUST_013251,CT
CUST_013590,WA
CUST_012608,AL
CUST_014418,MO
CUST_012945,TN
CUST_014340,MN
CUST_012935,MA
CUST_013287,CA
CUST_013459,NC
CUST_010808,TX
CUST_011029,PA
CUST_010521,MD
CUST_013905,CO
CUST_014404,AL
CUST_014490,AZ
CUST_013981,AZ
CUST_014292,MD
CUST_012638,NC
CUST_013060,VA
CUST_014258,TX
CUST_013717,CT
CUST_010209,KY
CUST_011780,WA
CUST_012054,WA
CUST_012226,TX
CUST_012485,OH
CUST_014729,CT
CUST_010671,IL
CUST_010428,TN
CUST_014838,MO
CUST_011236,MD
CUST_010491,PA
CUST_012452,MN
CUST_014502,WI
CUST_012307,VA
CUST_012678,PA
CUST_014262,MI
CUST_013300,PA
CUST_012675,KY
CUST_013800,OK
CUST_012742,AZ
CUST_013292,IN
CUST_012971,NJ
CUST_010132,PA
CUST_010013,GA
CUST_011326,VA
CUST_012837,NY
CUST_014300,NJ
CUST_010979,KY
CUST_014034,WI
CUST_010293,GA
CUST_011008,OH
CUST_010463,UT
CUST_010557,SC
CUST_012283,IN
CUST_012534,MA
CUST_010688,OR
CUST_014255,TX
CUST_012996,WA
CUST_010303,UT
CUST_012371,AZ
CUST_014217,FL
CUST_013839,NY
CUST_014107,CA
CUST_014735,CA
CUST_013162,GA
CUST_012177,MI
CUST_013096,VA
CUST_012003,WA
CUST_012784,NY
CUST_014199,OR
CUST_011252,CO
CUST_010685,MI
CUST_013749,FL
CUST_011320,MN
CUST_011201,CT
CUST_013759,MO
CUST_011226,MN
CUST_011554,TN
CUST_011695,NJ
CUST_013056,SC
CUST_012189,WA
CUST_010126,KY
CUST_010127,MD
CUST_014333,NJ
CUST_014518,MD
CUST_013571,WA
CUST_010301,WI
CUST_012282,WA
CUST_013121,NC
CUST_012774,OH
CUST_011539,OK
CUST_012322,TX
CUST_010680,NC
CUST_013268,KY
CUST_011193,MI
CUST_011525,OK
CUST_010314,CT
CUST_013115,SC
CUST_010880,NJ
CUST_014109,MA
CUST_013481,MD
CUST_013231,MD
CUST_014138,LA
CUST_010388,IL
CUST_010170,PA
CUST_014471,TN
CUST_013339,SC
CUST_010028,AZ
CUST_014396,FL
CUST_014200,AL
CUST_013153,CO
CUST_011622,SC
CUST_014012,NJ
CUST_011034,NJ
CUST_014665,LA
CUST_013386,OK
CUST_012178,LA
CUST_010736,LA
CUST_011103,CA
CUST_014473,OH
CUST_014848,IL
CUST_012768,WI
CUST_013500,LA
CUST_010137,SC
CUST_011738,NJ
CUST_011416,CA
CUST_011621,OK
CUST_013852,OH
CUST_013641,MO
CUST_011854,OH
CUST_012011,AZ
CUST_010440,GA
CUST_011237,OK
CUST_011134,IN
CUST_012243,CA
CUST_012926,UT
CUST_013228,WA
CUST_014861,FL
CUST_012679,LA
CUST_013110,IN
CUST_013918,SC
CUST_011809,MA
CUST_014638,IL
CUST_010873,LA
CUST_013658,WI
CUST_013087,KY
CUST_014647,WA
CUST_011076,SC
CUST_010735,TX
CUST_012047,WA
CUST_012127,MN
CUST_012416,WI
CUST_014683,PA
CUST_011985,WA
CUST_013875,LA
CUST_010577,CO
CUST_013240,PA
CUST_010625,LA
CUST_013551,FL
CUST_010491,NY
CUST_014616,KY
CUST_013089,IL
CUST_011410,IL
CUST_013194,TX
CUST_010671,AZ
CUST_014870,CT
CUST_014351,IL
CUST_010741,TX
CUST_013196,WI
CUST_013082,CA
CUST_010491,OH
CUST_013399,IN
CUST_010003,WA
CUST_014774,MA
CUST_011759,NJ
CUST_010065,CO
CUST_013357,SC
CUST_010375,OR
CUST_010519,VA
CUST_010231,LA
CUST_013443,CT
CUST_014654,CO
CUST_013722,WI
CUST_012034,IL
CUST_010054,PA
CUST_013694,IL
CUST_010391,LA
CUST_010427,FL
CUST_013076,CT
CUST_010256,PA
CUST_012886,IN
CUST_010688,AZ
CUST_010240,NC
CUST_010857,MI
CUST_011949,TN
CUST_012422,VA
CUST_010108,NY
CUST_012146,AZ
CUST_011258,NJ
CUST_013104,FL
CUST_012989,NC
CUST_011230,MI
CUST_012127,MA
CUST_011706,LA
CUST_011389,MD
CUST_012709,SC
CUST_013906,OH
CUST_011866,AZ
CUST_011246,WI
CUST_014956,KY
CUST_012433,MO
CUST_012552,IL
CUST_011309,VA
CUST_010969,CA
CUST_014534,NY
CUST_014638,VA
CUST_011228,MN
CUST_011109,AZ
CUST_012164,OH
CUST_010768,MI
CUST_014994,CA
CUST_014852,MI
CUST_014956,WA
CUST_010569,CA
CUST_010996,CT
CUST_014792,AZ
CUST_012124,AL
CUST_014349,IL
CUST_010532,IN
CUST_014906,MN
CUST_011286,NY
CUST_011187,WI
CUST_013022,LA
CUST_013392,GA
CUST_013202,PA
CUST_013094,VA
CUST_014789,CO
CUST_011452,WI
CUST_012365,MO
CUST_010080,AL
CUST_011480,MN
CUST_014303,CT
CUST_011038,AZ
CUST_013423,NC
CUST_014269,NC
CUST_010881,WA
CUST_012116,AZ
CUST_012498,WI
CUST_011476,WA
CUST_010631,TN
CUST_011575,MD
CUST_012418,MN
CUST_012541,TX
CUST_010393,KY
CUST_011734,AZ
CUST_012356,AL
CUST_011972,OH
CUST_010109,WA
CUST_013710,GA
CUST_013764,OK
CUST_014599,NJ
CUST_012511,MI
CUST_012309,OH
CUST_013375,NJ
CUST_011264,OR
CUST_010764,TX
CUST_014884,SC
CUST_011303,NY
CUST_011490,OH
CUST_014710,NC
CUST_013496,MA
CUST_013831,SC
CUST_010649,UT
CUST_013199,AZ
CUST_010498,TX
CUST_011912,AL
CUST_010515,AL
CUST_012277,PA
CUST_010130,AZ
CUST_013904,GA
CUST_011961,MI
CUST_013396,PA
CUST_014698,CO
CUST_014383,IL
CUST_011593,LA
CUST_011868,OH
CUST_010306,OR
CUST_010971,LA
CUST_013528,GA
CUST_010299,MO
CUST_011443,NY
CUST_013282,CA
CUST_011583,IN
CUST_011398,IL
CUST_010080,CT
CUST_012289,OK
CUST_014403,NY
CUST_012033,KY
CUST_013341,MD
CUST_010618,MD
CUST_012954,OR
CUST_013851,CT
CUST_013655,VA
CUST_011332,UT
CUST_014418,AL
CUST_012169,UT
CUST_012091,OK
CUST_010666,UT
CUST_013792,AZ
CUST_010432,FL
CUST_011230,CO
CUST_014119,NC
CUST_012213,IN
CUST_013011,NY
CUST_012167,CA
CUST_011337,NY
CUST_014486,MD
CUST_014087,MN
CUST_013449,LA
CUST_012116,MD
CUST_014917,AL
CUST_014840,MO
CUST_014035,CA
CUST_010928,WA
CUST_010900,MI
CUST_011450,NC
CUST_012177,MN
CUST_013590,OK
CUST_010880,IN
CUST_010962,MO
CUST_014857,MI
CUST_014574,AL
CUST_014082,MN
CUST_013723,MI
CUST_010390,AL
CUST_014774,IL
CUST_010680,OH
CUST_013759,GA
CUST_014369,WA
CUST_014233,MA
CUST_011758,MD
CUST_012764,WA
CUST_010316,TX
CUST_013252,PA
CUST_010184,FL
CUST_010178,AZ
CUST_013180,WI
CUST_011696,MD
CUST_013170,PA
CUST_011080,WA
CUST_010970,CT
CUST_011461,NJ
CUST_013084,GA
CUST_014933,KY
CUST_012800,KY
CUST_014932,MN
CUST_011730,MN
CUST_014404,MO
CUST_014308,KY
CUST_010665,KY
CUST_014634,MD
CUST_010182,SC
CUST_010626,TX
CUST_013538,FL
CUST_012282,IN
CUST_014654,WA
CUST_010213,MO
CUST_014266,MA
CUST_010611,WA
CUST_011468,MD
CUST_012686,IL
CUST_010821,MO
CUST_013776,IN
CUST_012934,MO
CUST_014189,SC
CUST_014399,NY
CUST_012448,KY
CUST_014490,MO
CUST_011605,OR
CUST_013154,OR
CUST_012894,TN
CUST_010732,TN
CUST_010538,CT
CUST_013098,NC
CUST_013155,OR
CUST_014498,NJ
CUST_014031,MO
CUST_011443,MI
CUST_013362,PA
CUST_011474,WI
CUST_014812,TX
CUST_014175,TX
CUST_014724,UT
CUST_013175,MO
CUST_011684,UT
CUST_013209,MN
CUST_011072,VA
CUST_012566,WI
CUST_010733,IL
CUST_013588,AL
CUST_014351,AL
CUST_012249,LA
CUST_010901,PA
CUST_011517,AL
CUST_011497,UT
CUST_014632,CT
CUST_012762,CT
CUST_014330,MN
CUST_011488,LA
CUST_013518,MD
CUST_013183,WA
CUST_013142,FL
CUST_011561,MO
CUST_014771,SC
CUST_014337,SC
CUST_011331,VA
CUST_011154,OH
CUST_012909,CT
CUST_010572,WI
CUST_012071,MD
CUST_012576,CO
CUST_013968,MI
CUST_014845,WA
CUST_010435,UT
CUST_013666,OK
CUST_012758,NY
CUST_014382,NJ
CUST_013278,TX
CUST_013608,CA
CUST_014186,CA
CUST_013337,OH
CUST_010497,KY
CUST_011090,KY
CUST_010667,NC
CUST_012609,AL
CUST_014823,IL
CUST_014040,PA
CUST_013913,UT
CUST_013229,IL
CUST_013121,KY
CUST_014681,GA
CUST_010165,MO
CUST_012890,NY
CUST_013845,OK
CUST_010088,CA
CUST_010141,LA
CUST_012741,CO
CUST_014680,KY
CUST_013893,NJ
CUST_012953,CA
CUST_013208,OH
CUST_014413,FL
CUST_010410,NY
CUST_011632,NC
CUST_012097,LA
CUST_013314,NJ
CUST_013289,MD
CUST_010394,TX
CUST_010385,GA
CUST_011307,PA
CUST_013195,MA
CUST_014961,MO
CUST_013250,CO
CUST_013789,WI
CUST_014707,MO
CUST_013022,CA
CUST_011035,CO
CUST_014620,LA
CUST_012749,MD
CUST_010632,CO
CUST_010329,MD
CUST_011116,KY
CUST_012026,PA
CUST_014373,LA
CUST_010359,OR
CUST_011328,TN
CUST_011285,NY
CUST_012629,NJ
CUST_011000,MI
CUST_011808,AL
CUST_011440,AZ
CUST_014271,FL
CUST_013567,UT
CUST_014105,MN
CUST_010307,KY
CUST_011653,CA
CUST_013236,IN
CUST_012277,LA
CUST_011871,CO
CUST_011078,TN
CUST_013760,WA
CUST_010425,TN
CUST_013505,OK
CUST_012530,LA
CUST_014207,AZ
CUST_012210,MD
CUST_011626,PA
CUST_012686,CT
CUST_010789,AZ
CUST_012418,MA
CUST_012645,AL
CUST_014941,IN
CUST_011942,OR
CUST_014450,MA
CUST_010024,PA
CUST_011662,OK
CUST_012137,NC
CUST_012794,LA
CUST_013744,CA
CUST_013802,IN
CUST_013124,OH
CUST_012538,CA
CUST_013079,AL
CUST_011839,MO
CUST_011255,MI
CUST_013322,PA
CUST_014626,OH
CUST_014342,OK
CUST_010968,LA
CUST_010875,SC
CUST_011088,SC
CUST_013080,CA
CUST_013262,CO
CUST_013534,MN
CUST_012175,VA
CUST_011693,NC
CUST_013731,NY
CUST_011215,MO
CUST_010733,UT
CUST_010813,FL
CUST_010681,MI
CUST_014584,OR
CUST_010013,CA
CUST_011839,MD
CUST_011316,AL
CUST_012173,NC
CUST_012204,CA
CUST_013879,FL
CUST_014965,NY
CUST_011942,OK
CUST_011605,TX
CUST_011187,CO
CUST_011910,NJ
CUST_013707,MD
CUST_012793,NY
CUST_013033,GA
CUST_014123,IN
CUST_014955,CO
CUST_014642,SC
CUST_013925,AZ
CUST_011336,CA
CUST_014994,IL
CUST_011371,NC
CUST_010626,NJ
CUST_012497,AZ
CUST_012013,MA
CUST_012766,WA
CUST_011346,MI
CUST_012301,WI
CUST_011995,WI
CUST_011291,AZ
CUST_014408,NC
CUST_010536,MO
CUST_010363,WA
CUST_011068,LA
CUST_014157,OK
CUST_014798,MD
CUST_012578,UT
CUST_012635,WI
CUST_010006,WA
CUST_014834,CT
CUST_011813,MI
CUST_014837,FL
CUST_011106,OR
CUST_014695,NC
CUST_014405,VA
CUST_014090,CO
CUST_012635,FL
CUST_011234,UT
CUST_011918,OR
CUST_013977,MD
CUST_011933,MA
CUST_014517,OR
CUST_012456,MD
CUST_012480,VA
CUST_010102,AL
CUST_010211,NJ
CUST_013697,MN
CUST_011012,TN
CUST_011060,WI
CUST_010647,WI
CUST_011909,CT
CUST_014993,OH
CUST_010459,WI
CUST_013027,IL
CUST_014040,CA
CUST_012432,WI
CUST_011081,PA
CUST_011381,IN
CUST_014945,MA
CUST_012880,TX
CUST_010542,FL
CUST_010346,NJ
CUST_010253,MO
CUST_012925,VA
CUST_014305,IN
CUST_013018,CT
CUST_012815,KY
CUST_013393,OK
CUST_013437,OK
CUST_013623,CO
CUST_014371,KY
CUST_011184,WI
CUST_014124,OR
CUST_012484,TN
CUST_010769,IL
CUST_012660,SC
CUST_011112,NY
CUST_010752,WA
CUST_011486,UT
CUST_014702,SC
CUST_014536,IL
CUST_010063,TX
CUST_012406,NC
CUST_011210,MD
CUST_010594,CT
CUST_011280,IL
CUST_010838,WA
CUST_011118,MI
CUST_013083,OK
CUST_012911,CT
CUST_011713,CO
CUST_015000,VA
CUST_014168,TN
CUST_010070,SC
CUST_011307,TX
CUST_013436,AL
CUST_012904,WA
CUST_014289,PA
CUST_013630,MD
CUST_014968,KY
CUST_012805,NC
CUST_014159,MI
CUST_013072,MA
CUST_014249,MA
CUST_012344,OR
CUST_011169,MI
CUST_012039,NY
CUST_011154,WA
CUST_013570,CT
CUST_010185,MO
CUST_014351,AZ
CUST_010208,OH
CUST_012350,SC
CUST_012266,WA
CUST_013683,AL
CUST_014704,WI
CUST_012355,NY
CUST_010083,MO
CUST_013627,IN
CUST_012137,MO
CUST_014832,AZ
CUST_011341,WA
CUST_010197,CO
CUST_011169,KY
CUST_012672,WA
CUST_014669,MN
CUST_011559,VA
CUST_012605,UT
CUST_010811,WA
CUST_014949,MO
CUST_012008,TX
CUST_014192,VA
CUST_014111,NC
CUST_014534,CA
CUST_010318,NC
CUST_012853,IL
CUST_012583,NJ
CUST_013272,VA
CUST_012207,VA
CUST_014775,SC
CUST_012050,IL
CUST_014265,AZ
CUST_010448,IL
CUST_010976,IN
CUST_013432,UT
CUST_014538,LA
CUST_012712,UT
CUST_014086,CA
CUST_011042,KY
CUST_013167,NJ
CUST_012008,MO
CUST_011123,AZ
CUST_010993,MI
CUST_014874,WA
CUST_010548,CO
CUST_010203,OR
CUST_010646,LA
CUST_010765,LA
CUST_014003,VA
CUST_012618,IL
CUST_012468,AL
CUST_011396,CO
CUST_010196,SC
CUST_014642,MI
CUST_014199,MA
CUST_014785,GA
CUST_013039,FL
CUST_011976,AL
CUST_013036,CA
CUST_013704,CT
CUST_011248,UT
CUST_011624,WA
CUST_010581,NJ
CUST_011747,SC
CUST_012200,MI
CUST_011064,LA
CUST_014272,NY
CUST_014926,OH
CUST_014356,OH
CUST_011675,MA
CUST_012475,MD
CUST_013352,MN
CUST_011071,WA
CUST_011179,SC
CUST_012783,OK
CUST_010434,OR
CUST_010470,OH
CUST_012765,KY
CUST_010638,CT
CUST_014375,MN
CUST_014858,MO
CUST_013681,FL
CUST_012387,LA
CUST_013584,AZ
CUST_011747,KY
CUST_011120,NY
CUST_013250,MO
CUST_011287,CA
CUST_014988,CA
CUST_012656,MI
CUST_013715,CA
CUST_011036,FL
CUST_013862,AZ
CUST_010039,OR
CUST_012626,MO
CUST_014537,MO
CUST_011509,MI
CUST_012825,MN
CUST_012825,LA
CUST_012627,GA
CUST_013272,WI
CUST_010129,TX
CUST_013523,CO
CUST_012481,AZ
CUST_014437,OH
CUST_010949,IN
CUST_011084,NC
CUST_013550,MD
CUST_012615,GA
CUST_010878,MN
CUST_013978,AZ
CUST_011180,CT
CUST_010376,IL
CUST_013150,WA
CUST_013450,PA
CUST_013873,NY
CUST_012693,AL
CUST_012699,OK
CUST_012117,CA
CUST_013573,OH
CUST_011266,CO
CUST_011347,NJ
CUST_013693,WA
CUST_010184,IL
CUST_010054,MO
CUST_012214,CA
CUST_010101,UT
CUST_010564,OR
CUST_011193,KY
CUST_014027,MA
CUST_013957,FL
CUST_012359,MI
CUST_011378,TX
CUST_012141,FL
CUST_010054,IL
CUST_010163,WI
CUST_012598,OK
CUST_010421,TX
CUST_013789,IL
CUST_010348,AL
CUST_010227,AZ
CUST_011531,IN
CUST_012747,TN
CUST_014736,UT
CUST_012413,PA
CUST_012378,MN
CUST_013971,VA
CUST_010833,TX
CUST_014667,FL
CUST_012420,PA
CUST_012183,WI
CUST_011882,OH
CUST_012922,TN
CUST_010859,LA
CUST_014404,MA
CUST_010691,WI
CUST_010001,KY
CUST_012461,TX
CUST_014530,IN
CUST_010896,CO
CUST_011585,NC
CUST_011595,UT
CUST_011794,IN
CUST_014964,CO
CUST_013798,MI
CUST_012583,CO
CUST_011088,GA
CUST_010482,MA
CUST_010863,MN
CUST_011796,GA
CUST_010552,NJ
CUST_011635,MI
CUST_011582,CT
CUST_012739,NJ
CUST_010626,AL
CUST_014695,CO
CUST_014825,OK
CUST_014124,TX
CUST_012199,MD
CUST_014335,NY
CUST_011868,IL
CUST_014287,OH
CUST_012537,MI
CUST_010985,PA
CUST_011405,CO
CUST_012328,PA
CUST_014313,WA
CUST_013546,NC
CUST_012277,OK
CUST_013059,FL
CUST_014000,WA
CUST_014796,VA
CUST_011617,AL
CUST_012285,AZ
CUST_010359,WA
CUST_013601,PA
CUST_014508,WA
CUST_011766,AL
CUST_011204,UT
CUST_013481,OR
CUST_012122,CO
CUST_011469,MD
CUST_012565,NY
CUST_013916,WA
CUST_013194,IL
CUST_014691,VA
CUST_011125,TN
CUST_014785,UT
CUST_014505,IL
CUST_014080,OK
CUST_010300,NC
CUST_012005,CO
CUST_014836,SC
CUST_010634,TX
CUST_012650,TX
CUST_012461,OK
CUST_014205,MA
CUST_014838,IL
CUST_011766,MD
CUST_011727,UT
CUST_014835,MA
CUST_014282,SC
CUST_013028,IL
CUST_010239,CO
CUST_010241,WA
CUST_011340,CA
CUST_011531,GA
CUST_012907,NC
CUST_013389,LA
CUST_013738,MN
CUST_011832,FL
CUST_013618,MD
CUST_010767,OR
CUST_012263,IL
CUST_014317,OK
CUST_011470,NJ
CUST_012742,UT
CUST_014746,WA
CUST_012449,MO
CUST_010804,MD
CUST_014535,OH
CUST_014450,VA
CUST_011212,GA
CUST_014692,MN
CUST_010965,WI
CUST_011443,CO
CUST_011847,NJ
CUST_014663,AL
CUST_012452,OH
CUST_013888,UT
CUST_013626,OH
CUST_011262,CO
CUST_013571,NJ
CUST_010003,OH
CUST_014416,MD
CUST_013078,CA
CUST_012423,LA
CUST_013685,NY
CUST_013810,PA
CUST_012512,NC
CUST_011620,OH
CUST_012458,LA
CUST_013148,CO
CUST_013315,VA
CUST_012455,MN
CUST_010515,OH
CUST_013076,NY
CUST_011101,MI
CUST_011499,MO
CUST_011913,UT
CUST_011353,OH
CUST_014725,CO
CUST_011134,NC
CUST_011501,CA
CUST_013024,PA
CUST_011657,KY
CUST_014425,NY
CUST_011561,PA
CUST_010699,MN
CUST_010587,MD
CUST_014991,OH
CUST_014564,NY
CUST_014399,AZ
CUST_014104,CT
CUST_012521,NC
CUST_014160,MD
CUST_010448,CO
CUST_014419,WI
CUST_012467,AZ
CUST_014854,CT
CUST_012444,AZ
CUST_014541,CT
CUST_013903,LA
CUST_010685,KY
CUST_014358,MI
CUST_010832,MA
CUST_011804,FL
CUST_014549,WI
CUST_014395,MA
CUST_014367,OH
CUST_011943,IL
CUST_013110,NY
CUST_014064,AZ
CUST_013182,GA
CUST_013489,KY
CUST_012056,KY
CUST_012208,LA
CUST_012621,IN
CUST_011228,WA
CUST_013718,AL
CUST_011776,MO
CUST_013869,IN
CUST_013968,PA
CUST_010001,AL
CUST_011061,TN
CUST_014779,TN
CUST_010504,WA
CUST_011650,WA
CUST_013740,CO
CUST_012797,CO
CUST_013509,AL
CUST_012598,GA
CUST_013709,MA
CUST_010112,NC
CUST_012592,MA
CUST_014935,CA
CUST_013951,VA
CUST_011850,GA
CUST_013319,GA
CUST_011294,UT
CUST_012193,MO
CUST_012034,PA
CUST_014137,WI
CUST_010278,AZ
CUST_010990,VA
CUST_010883,WI
CUST_013168,NY
CUST_011034,SC
CUST_013532,GA
CUST_014513,MO
CUST_010156,MD
CUST_013332,IN
CUST_013703,CO
CUST_014434,IL
CUST_012296,AZ
CUST_014029,MN
CUST_011372,GA
CUST_011066,AZ
CUST_014867,AZ
CUST_012118,MD
CUST_010365,AZ
CUST_013760,OR
CUST_011987,CO
CUST_012755,SC
CUST_010978,VA
CUST_013755,OK
CUST_011022,GA
CUST_013470,PA
CUST_013640,MA
CUST_010369,OK
CUST_013045,WI
CUST_012019,VA
CUST_014200,KY
CUST_012942,FL
CUST_011214,GA
CUST_011686,KY
CUST_013647,UT
CUST_012769,NY
CUST_014818,NJ
CUST_013282,MD
CUST_010489,IL
CUST_010163,FL
CUST_010125,GA
CUST_013277,OR
CUST_010517,NC
CUST_010241,LA
CUST_013757,OR
CUST_012372,PA
CUST_014956,FL
CUST_014688,CT
CUST_014373,PA
CUST_010899,MD
CUST_014005,FL
CUST_011842,NY
CUST_012062,TN
CUST_013811,MA
CUST_012122,OH
CUST_013055,TX
CUST_014990,FL
CUST_014463,AL
CUST_010192,GA
CUST_013162,IN
CUST_011732,WA
CUST_011430,TN
CUST_012485,WA
CUST_014678,IN
CUST_010739,CO
CUST_012347,NY
CUST_012745,TN
CUST_012271,WI
CUST_012676,CT
CUST_013714,CA
CUST_013496,IL
CUST_013856,CT
CUST_014245,SC
CUST_010293,MI
CUST_012371,MA
CUST_014970,MO
CUST_012812,UT
CUST_014374,CA
CUST_012640,AZ
CUST_010224,FL
CUST_011319,TX
CUST_013801,MI
CUST_013021,WI
CUST_011492,SC
CUST_014711,GA
CUST_010052,CT
CUST_014269,LA
CUST_014885,IN
CUST_014271,CA
CUST_013685,AL
CUST_010422,MD
CUST_011294,OK
CUST_011210,NY
CUST_012241,WA
CUST_011074,CA
CUST_010762,MO
CUST_011442,GA
CUST_011388,MN
CUST_012221,PA
CUST_011465,NY
CUST_012223,UT
CUST_011897,MN
CUST_011987,WA
CUST_014815,OR
CUST_010870,MI
CUST_014676,WA
CUST_010308,OK
CUST_013883,MD
CUST_011836,OK
CUST_012376,MN
CUST_012414,WI
CUST_011867,MA
CUST_012293,UT
CUST_014831,FL
CUST_010307,FL
CUST_010966,OH
CUST_014541,IN
CUST_011879,OH
CUST_010327,MN
CUST_010961,KY
CUST_014198,MI
CUST_014353,OH
CUST_011255,CO
CUST_013992,AL
CUST_014518,NC
CUST_013219,KY
CUST_014439,CA
CUST_011085,OR
CUST_012145,NC
CUST_013937,MA
CUST_010810,NC
CUST_011623,WA
CUST_012847,MO
CUST_010186,PA
CUST_014634,MN
CUST_011075,AZ
CUST_011507,WI
CUST_010304,NJ
CUST_011465,NJ
CUST_014580,MD
CUST_011142,UT
CUST_011828,MO
CUST_010844,KY
CUST_011658,AL
CUST_012097,KY
CUST_012485,MD
CUST_013461,CT
CUST_013718,MA
CUST_013259,OR
CUST_012224,WI
CUST_013948,FL
CUST_014039,NC
CUST_014471,CT
CUST_011451,FL
CUST_014259,OK
CUST_014447,WI
CUST_011805,IL
CUST_011181,LA
CUST_011677,MN
CUST_011110,SC
CUST_013284,MA
CUST_014136,AL
CUST_013576,GA
CUST_014467,AL
CUST_011843,SC
CUST_013340,AZ
CUST_011720,LA
CUST_012373,UT
CUST_010184,NC
CUST_014474,CT
CUST_011169,WI
CUST_014147,MN
CUST_011314,MD
CUST_011065,MO
CUST_013641,NC
CUST_010187,WA
CUST_014612,MN
CUST_011112,WA
CUST_010567,VA
CUST_011377,OH
CUST_013148,WI
CUST_011699,WA
CUST_011021,NJ
CUST_014135,OH
CUST_011116,NJ
CUST_012087,AZ
CUST_013537,SC
CUST_012379,IL
CUST_011947,CO
CUST_010904,CA
CUST_013563,LA
CUST_014690,MD
CUST_010714,CT
CUST_012810,AL
CUST_013960,OK
CUST_012094,OK
CUST_012412,OR
CUST_013236,OH
CUST_010308,GA
CUST_013824,NY
CUST_011470,NC
CUST_012374,CT
CUST_012798,MI
CUST_011703,MD
CUST_011297,TN
CUST_011276,LA
CUST_011772,CT
CUST_010577,AL
CUST_014125,AL
CUST_012085,MA
CUST_010598,UT
CUST_013513,AL
CUST_010141,IL
CUST_014337,IL
CUST_013953,WI
CUST_013906,MN
CUST_012422,MA
CUST_014688,NC
CUST_011188,AL
CUST_011994,MO
CUST_010440,MO
CUST_012167,CT
CUST_012079,PA
CUST_013721,VA
CUST_010410,OR
CUST_012674,SC
CUST_012944,TN
CUST_012022,AL
CUST_011033,GA
CUST_014802,OK
CUST_010969,WA
CUST_012879,AL
CUST_011023,GA
CUST_010936,OK
CUST_010556,LA
CUST_010374,CT
CUST_011017,GA
CUST_010764,IN
CUST_010539,OK
CUST_012366,FL
CUST_010173,OH
CUST_014232,MD
CUST_010695,NJ
CUST_014712,MN
CUST_011088,PA
CUST_014290,IN
CUST_014803,IN
CUST_010625,CO
CUST_010006,NJ
CUST_013040,AL
CUST_013272,AL
CUST_014919,AZ
CUST_010046,NY
CUST_013470,OR
CUST_010703,FL
CUST_011102,NY
CUST_013608,SC
CUST_012119,CT
CUST_013372,MA
CUST_010513,MI
CUST_011098,IL
CUST_010958,OR
CUST_013037,GA
CUST_013261,NY
CUST_014518,LA
CUST_010511,OK
CUST_013214,AZ
CUST_013818,LA
CUST_014488,OH
CUST_012494,WI
CUST_010642,MO
CUST_010348,AZ
CUST_012439,MN
CUST_010073,NJ
CUST_012504,GA
CUST_013664,OH
CUST_010544,AZ
CUST_010025,KY
CUST_011597,PA
CUST_012683,MI
CUST_012190,OH
CUST_010061,NY
CUST_012811,WA
CUST_014629,OH
CUST_014823,OH
CUST_011578,LA
CUST_012569,WA
CUST_013613,GA
CUST_014897,MA
CUST_014878,AZ
CUST_012251,LA
CUST_011865,WA
CUST_014006,UT
CUST_013987,LA
CUST_012735,MD
CUST_012673,OH
CUST_013566,KY
CUST_014136,LA
CUST_014845,AZ
CUST_013514,NC
CUST_011295,AL
CUST_012226,AZ
CUST_014297,MI
CUST_011808,OH
CUST_012371,FL
CUST_012889,AZ
CUST_010338,IN
CUST_010419,NY
CUST_010372,OK
CUST_011035,AZ
CUST_011201,KY
CUST_012752,GA
CUST_012285,CT
CUST_012235,MO
CUST_010809,OR
CUST_011896,MD
CUST_014907,OK
CUST_011957,MO
CUST_012331,PA
CUST_012761,LA
CUST_012354,LA
CUST_014701,OR
CUST_011561,LA
CUST_013630,CO
CUST_011426,PA
CUST_010531,MD
CUST_012299,NC
CUST_010032,IL
CUST_012200,PA
CUST_011474,FL
CUST_010425,MN
CUST_012557,MO
CUST_012680,OH
CUST_012922,NJ
CUST_010655,KY
CUST_013388,MD
CUST_011111,MA
CUST_013784,OK
CUST_013294,PA
CUST_011044,OR
CUST_010377,AZ
CUST_012707,TN
CUST_014507,AL
CUST_010607,MD
CUST_010392,KY
CUST_011789,IL
CUST_013011,TX
CUST_013793,WA
CUST_010723,OR
CUST_013133,WI
CUST_011986,NY
CUST_011617,IN
CUST_010949,NJ
CUST_010877,MI
CUST_012418,PA
CUST_011856,NC
CUST_011089,NJ
CUST_014131,NJ
CUST_010082,IL
CUST_011119,MA
CUST_014314,IN
CUST_011762,WA
CUST_010674,MA
CUST_014116,MA
CUST_014600,CO
CUST_011743,KY
CUST_010026,PA
CUST_010687,NC
CUST_010740,NJ
CUST_014021,OK
CUST_012336,PA
CUST_011146,WI
CUST_014859,VA
CUST_010242,SC
CUST_013184,IL
CUST_010689,CT
CUST_013132,IN
CUST_014912,UT
CUST_011447,CO
CUST_013772,VA
CUST_011909,OK
CUST_012467,IN
CUST_011348,NY
CUST_012568,AL
CUST_010855,NJ
CUST_012286,OR
CUST_012188,CO
CUST_014960,CO
CUST_010810,MO
CUST_012521,KY
CUST_012917,SC
CUST_013138,KY
CUST_013096,AL
CUST_010258,MN
CUST_012105,VA
CUST_013450,TN
CUST_013762,IL
CUST_010212,OK
CUST_014949,FL
CUST_010727,CO
CUST_010433,AL
CUST_014393,MD
CUST_010611,AZ
CUST_013243,TN
CUST_011785,AZ
CUST_011068,MD
CUST_012445,IL
CUST_011147,OK
CUST_013039,LA
CUST_011712,OH
CUST_014767,NJ
CUST_014678,LA
CUST_011128,LA
CUST_013995,TX
CUST_013781,WI
CUST_014374,AZ
CUST_010714,LA
CUST_010446,WI
CUST_013091,MI
CUST_010877,SC
CUST_014685,AL
CUST_010755,WA
CUST_013740,NJ
CUST_011643,OR
CUST_012074,CA
CUST_013989,WI
CUST_013949,NJ
CUST_012253,NC
CUST_010079,AL
CUST_013074,AZ
CUST_011593,OK
CUST_011572,NC
CUST_014669,MI
CUST_013537,CA
CUST_012234,MD
CUST_011890,MO
CUST_011764,VA
CUST_010828,IL
CUST_013840,OH
CUST_013186,OR
CUST_011687,IL
CUST_011351,WA
CUST_013431,WA
CUST_014923,TX
CUST_012822,CO
CUST_013056,OR
CUST_013488,NC
CUST_010938,TX
CUST_011847,OK
CUST_011854,TX
CUST_012678,NC
CUST_014215,KY
CUST_010646,WA
CUST_010910,VA
CUST_011912,SC
CUST_011562,CO
CUST_013282,SC
CUST_012172,FL
CUST_013622,PA
CUST_010763,AZ
CUST_014614,KY
CUST_012542,CO
CUST_013240,AL
CUST_011428,CA
CUST_013507,TN
CUST_011831,MA
CUST_014540,MO
CUST_014519,CO
CUST_014170,NJ
CUST_013609,OK
CUST_014653,NY
CUST_010225,AZ
CUST_011755,PA
CUST_013717,NJ
CUST_012351,AZ
CUST_011780,VA
CUST_013766,NC
CUST_013631,IL
CUST_010877,CT
CUST_012714,UT
CUST_011097,UT
CUST_013922,MD
CUST_012460,AZ
CUST_011135,IL
CUST_011556,MO
CUST_014741,MN
CUST_014388,TN
CUST_011396,IN
CUST_012112,OK
CUST_012715,AL
CUST_014350,VA
CUST_013964,WA
CUST_011117,SC
CUST_011852,OR
CUST_013893,SC
CUST_012049,CT
CUST_013233,SC
CUST_012589,OR
CUST_011848,CO
CUST_010151,MI
CUST_013883,OH
CUST_010150,IL
CUST_013555,SC
CUST_011286,CA
CUST_014249,KY
CUST_012468,OH
CUST_013723,OH
CUST_010667,CT
CUST_010766,CT
CUST_010193,MI
CUST_010924,CA
CUST_013002,CT
CUST_011092,FL
CUST_010425,OR
CUST_013771,MN
CUST_012574,PA
CUST_012449,MN
CUST_010887,NC
CUST_014066,LA
CUST_014445,SC
CUST_010563,CT
CUST_010925,VA
CUST_013375,GA
CUST_011857,MA
CUST_013248,FL
CUST_011020,KY
CUST_012299,CT
CUST_012863,PA
CUST_012834,WA
CUST_010556,IN
CUST_014103,KY
CUST_010544,NJ
CUST_014752,MI
CUST_013709,AZ
CUST_013013,TX
CUST_012731,IN
CUST_010490,WI
CUST_014209,IL
CUST_010647,OR
CUST_014574,MO
CUST_011464,OR
CUST_012718,CA
CUST_013532,AL
CUST_010955,NJ
CUST_013596,AZ
CUST_011628,IN
CUST_013890,TX
CUST_013523,IL
CUST_014678,AZ
CUST_013182,NJ
CUST_013877,AZ
CUST_014014,CO
CUST_014706,LA
CUST_012719,OH
CUST_012100,GA
CUST_010683,KY
CUST_010381,MO
CUST_013344,KY
CUST_010086,CA
CUST_012859,CA
CUST_012059,KY
CUST_011760,IN
CUST_010751,WA
CUST_014566,MN
CUST_011110,AZ
CUST_014427,OK
CUST_014000,TN
CUST_010341,SC
CUST_014069,CA
CUST_014356,AZ
CUST_013610,MO
CUST_012574,UT
CUST_010327,NY
CUST_012005,VA
CUST_010605,MI
CUST_013457,WI
CUST_014469,NJ
CUST_013707,SC
CUST_012070,CT
CUST_014185,IL
CUST_014973,MI
CUST_013529,UT
CUST_013341,CT
CUST_013240,KY
CUST_014243,TX
CUST_011955,OR
CUST_012358,OH
CUST_012302,OR
CUST_010216,KY
CUST_011665,OK
CUST_012572,MA
CUST_011725,WA
CUST_010075,KY
CUST_010369,KY
CUST_012075,AZ
CUST_010627,MA
CUST_012666,NC
CUST_013272,FL
CUST_012966,LA
CUST_013587,NY
CUST_012247,CO
CUST_013024,LA
CUST_010917,CT
CUST_010387,MA
CUST_010358,MD
CUST_011173,CO
CUST_012114,MN
CUST_013471,CT
CUST_012454,OK
CUST_010325,WI
CUST_013251,OK
CUST_011428,NY
CUST_013798,PA
CUST_011173,NJ
CUST_013101,NC
CUST_013025,NC
CUST_014419,NC
CUST_014424,AL
CUST_014570,WA
CUST_010208,AZ
CUST_014566,MO
CUST_014082,SC
CUST_012167,TX
CUST_010516,VA
CUST_014498,CA
CUST_014722,SC
CUST_011673,SC
CUST_013889,MN
CUST_013602,GA
CUST_011469,IL
CUST_012417,PA
CUST_010124,MO
CUST_013647,NY
CUST_010551,VA
CUST_011383,PA
CUST_014534,UT
CUST_011805,NC
CUST_014683,IN
CUST_011946,CA
CUST_011010,IN
CUST_011070,NY
CUST_010066,MI
CUST_013408,TX
CUST_014958,NC
CUST_013462,AZ
CUST_011050,MA
CUST_012479,IL
CUST_013504,VA
CUST_010328,CO
CUST_013125,MA
CUST_012188,SC
CUST_010385,AZ
CUST_013936,AL
CUST_012013,PA
CUST_013220,CT
CUST_014243,GA
CUST_011871,WI
CUST_013480,MD
CUST_011129,IL
CUST_010637,NC
CUST_011270,FL
CUST_012852,NC
CUST_012240,NJ
CUST_014706,MA
CUST_012715,OK
CUST_010762,WA
CUST_010591,WA
CUST_012514,CT
CUST_010387,NY
CUST_011212,NY
CUST_012201,NC
CUST_011579,IN
CUST_010980,OK
CUST_014232,SC
CUST_014197,TX
CUST_014443,KY
CUST_011063,UT
CUST_011122,CO
CUST_013736,UT
CUST_014113,CA
CUST_012613,MO
CUST_010686,OR
CUST_014804,MO
CUST_011699,MO
CUST_014102,AL
CUST_013239,IL
CUST_010057,IL
CUST_011477,IL
CUST_010635,AL
CUST_010307,WI
CUST_014634,TX
CUST_014802,NJ
CUST_013083,MO
CUST_012779,WA
CUST_013394,CT
CUST_014721,CA
CUST_010060,UT
CUST_010815,SC
CUST_012105,CT
CUST_010888,VA
CUST_014953,OK
CUST_012577,IL
CUST_014996,NC
CUST_012892,OR
CUST_011013,AL
CUST_012768,PA
CUST_014914,FL
CUST_010674,SC
CUST_013172,AZ
CUST_011437,PA
CUST_012010,FL
CUST_013193,CO
CUST_011131,VA
CUST_014145,VA
CUST_013716,AL
CUST_011051,KY
CUST_013553,NC
CUST_014982,TX
CUST_011709,OH
CUST_014115,TN
CUST_011685,IL
CUST_013852,NC
CUST_012568,TX
CUST_011531,CA
CUST_013319,OH
CUST_012796,VA
CUST_012108,WA
CUST_011944,SC
CUST_011202,AZ
CUST_010371,MI
CUST_010772,TX
CUST_010385,NJ
CUST_011695,NC
CUST_014721,CT
CUST_013784,OH
CUST_011111,LA
CUST_012416,AZ
CUST_013586,IL
CUST_014721,SC
CUST_012664,IN
CUST_011821,CA
CUST_014685,CO
CUST_013327,OR
CUST_010886,OR
CUST_014822,TX
CUST_013677,TX
CUST_011408,IL
CUST_013383,CO
CUST_012457,NJ
CUST_010866,MI
CUST_013880,MD
CUST_011185,CT
CUST_012292,CT
CUST_010806,AZ
CUST_014787,AL
CUST_010091,MA
CUST_013057,MD
CUST_012395,OK
CUST_011130,CA
CUST_010580,MI
CUST_012040,MA
CUST_014795,SC
CUST_014139,TX
CUST_011384,MI
CUST_013851,SC
CUST_010823,PA
CUST_011650,TX
CUST_010929,IN
CUST_010197,OH
CUST_010224,NJ
CUST_014715,KY
CUST_012646,IN
CUST_010957,MN
CUST_010966,MI
CUST_012929,LA
CUST_010896,OH
CUST_011305,MA
CUST_013315,MD
CUST_011099,CO
CUST_014033,MO
CUST_010367,MO
CUST_011429,CA
CUST_013136,OR
CUST_011520,OR
CUST_014598,MI
CUST_010813,UT
CUST_012813,MD
CUST_011924,MO
CUST_010180,CA
CUST_012953,MN
CUST_011190,MO
CUST_010843,WI
CUST_012370,AL
CUST_011987,MD
CUST_012221,AZ
CUST_012255,OR
CUST_010996,MN
CUST_012206,CT
CUST_012702,LA
CUST_011937,MD
CUST_013369,UT
CUST_013459,NJ
CUST_013207,UT
CUST_011751,TX
CUST_014665,CO
CUST_013994,CA
CUST_014489,VA
CUST_013315,OR
CUST_014727,NJ
CUST_010043,MD
CUST_010425,GA
CUST_010355,AZ
CUST_012543,CT
CUST_014512,UT
CUST_010263,TN
CUST_010407,VA
CUST_012303,IL
CUST_011491,CA
CUST_011652,OR
CUST_010783,OK
CUST_013422,SC
CUST_014383,NC
CUST_011502,OK
CUST_012482,TN
CUST_014072,MD
CUST_014193,WI
CUST_012260,CA
CUST_011175,NY
CUST_011343,MD
CUST_011001,FL
CUST_014438,NY
CUST_011573,IL
CUST_013541,OH
CUST_010041,OH
CUST_012654,LA
CUST_014260,MD
CUST_010740,MD
CUST_011489,IL
CUST_014880,KY
CUST_013847,MA
CUST_010204,MD
CUST_012339,MA
CUST_014966,FL
CUST_012296,IN
CUST_010267,CT
CUST_010833,PA
CUST_011456,MD
CUST_013922,TX
CUST_010534,TN
CUST_014283,TN
CUST_012830,NY
CUST_013716,AZ
CUST_011583,NC
CUST_013564,VA
CUST_014671,MA
CUST_014864,UT
CUST_013441,MI
CUST_013580,IL
CUST_011224,OR
CUST_013523,OH
CUST_014731,IL
CUST_010024,NC
CUST_011430,MI
CUST_011752,WA
CUST_014577,TX
CUST_010536,MN
CUST_011624,CO
CUST_012585,MD
CUST_013032,MO
CUST_011902,NJ
CUST_010782,AL
CUST_012854,UT
CUST_011860,WA
CUST_013264,UT
CUST_011526,TN
CUST_014699,OK
CUST_013395,MN
CUST_011151,PA
CUST_014312,WA
CUST_013267,WI
CUST_013512,SC
CUST_011033,FL
CUST_010763,UT
CUST_014674,NC
CUST_011074,CO
CUST_010501,KY
CUST_011529,NJ
CUST_011963,OR
CUST_014152,OH
CUST_013673,WI
CUST_013518,TX
CUST_014182,CT
CUST_013864,MA
CUST_014916,AL
CUST_014526,VA
CUST_012262,WI
CUST_014942,LA
CUST_014731,OK
CUST_012963,OK
CUST_012457,MO
CUST_010205,PA
CUST_011852,MI
CUST_014683,GA
CUST_010944,WI
CUST_012240,TX
CUST_011982,NY
CUST_010351,MA
CUST_011207,PA
CUST_013719,FL
CUST_014193,WA
CUST_010163,CO
CUST_013309,CO
CUST_010435,OK
CUST_014150,UT
CUST_011294,OH
CUST_012824,MO
CUST_014175,WI
CUST_010946,CA
CUST_012841,MA
CUST_010434,CA
CUST_012007,MI
CUST_013963,CO
CUST_011865,NY
CUST_011183,WI
CUST_014392,LA
CUST_014525,MA
CUST_012289,IL
CUST_013893,GA
CUST_010449,MO
CUST_011923,AZ
CUST_014507,WI
CUST_011785,WI
CUST_010584,MD
CUST_012609,LA
CUST_010265,MN
CUST_011095,TX
CUST_012588,CO
CUST_013772,NY
CUST_013460,IL
CUST_012455,TX
CUST_014553,MO
CUST_012671,IN
CUST_013643,VA
CUST_012209,MN
CUST_010837,TN
CUST_013392,LA
CUST_014324,PA
CUST_011002,UT
CUST_010486,IL
CUST_012348,AZ
CUST_012037,IN
CUST_013632,PA
CUST_012677,AZ
CUST_011624,KY
CUST_013392,CO
CUST_014840,WI
CUST_012150,MA
CUST_010098,MA
CUST_012977,TX
CUST_011241,OH
CUST_012722,KY
CUST_013973,PA
CUST_013488,CT
CUST_010210,NJ
CUST_012974,NJ
CUST_014258,AL
CUST_010300,MD
CUST_011132,OR
CUST_011668,NC
CUST_012276,WA
CUST_010048,WA
CUST_012225,OR
CUST_013397,KY
CUST_011363,WA
CUST_012134,OK
CUST_013407,LA
CUST_013791,GA
CUST_011670,NC
CUST_013473,PA
CUST_010154,MA
CUST_013302,NJ
CUST_010986,MI
CUST_014269,TX
CUST_011262,VA
CUST_013805,WI
CUST_011290,OH
CUST_012596,VA
CUST_011306,VA
CUST_012240,MO
CUST_014379,FL
CUST_014105,CO
CUST_013640,AL
CUST_013538,AL
CUST_013558,UT
CUST_011480,CT
CUST_010898,SC
CUST_014011,TN
CUST_013303,OH
CUST_013413,KY
CUST_013450,WA
CUST_011153,CA
CUST_013418,AL
CUST_013032,UT
CUST_014452,CA
CUST_010367,MA
CUST_010042,IN
CUST_012357,CA
CUST_011864,MI
CUST_012186,AL
CUST_010811,MN
CUST_011552,NC
CUST_011121,SC
CUST_014492,CT
CUST_013286,OH
CUST_014482,AZ
CUST_013140,TN
CUST_010872,MO
CUST_014256,AL
CUST_014807,OK
CUST_013699,NC
CUST_011757,GA
CUST_013035,OK
CUST_014426,CO
CUST_013159,OK
CUST_014862,MO
CUST_014101,OH
CUST_011241,NC
CUST_012717,LA
CUST_011436,NC
CUST_012261,GA
CUST_013543,LA
CUST_011264,VA
CUST_010356,MD
CUST_013291,AL
CUST_011149,OK
CUST_013134,IL
CUST_010260,IL
CUST_012726,IN
CUST_014596,WA
CUST_013195,CT
CUST_010644,OR
CUST_014473,KY
CUST_010988,GA
CUST_013081,OH
CUST_012623,MA
CUST_011933,OH
CUST_011563,AZ
CUST_012256,OH
CUST_010739,TX
CUST_013248,OR
CUST_011820,MI
CUST_010018,WI
CUST_014897,WI
CUST_014174,GA
CUST_014086,OK
CUST_011523,OK
CUST_014795,MO
CUST_013418,MO
CUST_010677,OR
CUST_014325,NY
CUST_012919,NC
CUST_010060,AL
CUST_011621,PA
CUST_011474,MN
CUST_010612,MN
CUST_010559,FL
CUST_012510,CO
CUST_013643,OH
CUST_012652,NC
CUST_010276,KY
CUST_010983,MD
CUST_013822,KY
CUST_014587,IL
CUST_013948,LA
CUST_014679,OR
CUST_011451,MD
CUST_011352,KY
CUST_011326,NY
CUST_013980,TN
CUST_010555,PA
CUST_013366,TX
CUST_011243,UT
CUST_013468,TX
CUST_010032,TN
CUST_011672,GA
CUST_012353,MD
CUST_013894,MI
CUST_012830,WA
CUST_013605,NC
CUST_011758,LA
CUST_013703,MI
CUST_010333,IL
CUST_013888,NC
CUST_012592,KY
CUST_013803,CO
CUST_011170,UT
CUST_012381,MN
CUST_014614,MA
CUST_012880,CO
CUST_012803,TN
CUST_012386,TN
CUST_014845,FL
CUST_011919,TN
CUST_013148,NJ
CUST_012962,OK
CUST_012767,MO
CUST_012717,GA
CUST_013321,KY
CUST_014308,TX
CUST_013563,KY
CUST_010826,MI
CUST_014021,MA
CUST_010700,GA
CUST_010280,FL
CUST_012160,NJ
CUST_012411,LA
CUST_013483,SC
CUST_013189,IL
CUST_011612,TX
CUST_012538,WI
CUST_014643,WI
CUST_014443,MI
CUST_010781,VA
CUST_010315,OR
CUST_013252,NJ
CUST_014784,TN
CUST_014702,WA
CUST_010872,NY
CUST_011347,CO
CUST_011248,CA
CUST_014210,TX
CUST_010535,SC
CUST_012398,MA
CUST_014471,OH
CUST_012460,CO
CUST_014630,IN
CUST_012495,WI
CUST_013518,AL
CUST_011612,AL
CUST_014621,MI
CUST_014894,AZ
CUST_010962,UT
CUST_011155,IL
CUST_010347,MD
CUST_011301,OR
CUST_011994,WA
CUST_014022,NC
CUST_012570,CT
CUST_013827,VA
CUST_010544,MD
CUST_014593,AL
CUST_011763,IL
CUST_013080,SC
CUST_014922,OR
CUST_013690,PA
CUST_012244,MA
CUST_012949,NJ
CUST_011357,AL
CUST_014335,OH
CUST_010516,CA
CUST_011711,AZ
CUST_010414,WI
CUST_014661,AL
CUST_013248,NY
CUST_011688,IL
CUST_010088,VA
CUST_013992,OH
CUST_010805,KY
CUST_010551,FL
CUST_013587,VA
CUST_010195,KY
CUST_012846,WA
CUST_011313,AZ
CUST_013296,OK
CUST_012386,IL
CUST_012250,NC
CUST_012700,WI
CUST_012250,MO
CUST_011345,AL
CUST_011489,FL
CUST_012608,CO
CUST_011429,GA
CUST_014121,IL
CUST_010927,MA
CUST_011057,VA
CUST_010586,MO
CUST_011195,VA
CUST_014673,AZ
CUST_010436,CO
CUST_014058,IL
CUST_011522,NJ
CUST_012364,NJ
CUST_011771,CO
CUST_010598,CA
CUST_012098,TN
CUST_014079,OR
CUST_014472,MA
CUST_010606,AZ
CUST_010653,NY
CUST_011937,UT
CUST_010618,MO
CUST_012328,OR
CUST_010502,IL
CUST_014900,NJ
CUST_013048,VA
CUST_011946,GA
CUST_010824,CA
CUST_012254,WA
CUST_010531,NY
CUST_011179,MO
CUST_011687,NJ
CUST_013415,TN
CUST_014942,NY
CUST_012223,MA
CUST_013633,MN
CUST_013792,NY
CUST_013168,FL
CUST_012536,CT
CUST_014489,LA
CUST_011610,NC
CUST_011806,WI
CUST_012053,CO
CUST_014678,NY
CUST_010262,AL
CUST_012880,AZ
CUST_012911,NC
CUST_012797,WI
CUST_014695,NY
CUST_010250,CO
CUST_010331,CA
CUST_014690,FL
CUST_011036,WI
CUST_013492,WI
CUST_014954,PA
CUST_010023,UT
CUST_014748,WI
CUST_013843,OH
CUST_013134,MN
CUST_010626,MD
CUST_010477,OK
CUST_014793,GA
CUST_012841,MI
CUST_013169,WI
CUST_010648,OR
CUST_012500,AL
CUST_011206,KY
CUST_012584,LA
CUST_010608,PA
CUST_010337,WI
CUST_014285,OR
CUST_014823,GA
CUST_012918,LA
CUST_013990,UT
CUST_012578,TN
CUST_010586,FL
CUST_014059,LA
CUST_012709,WI
CUST_013179,CA
CUST_013347,TX
CUST_013588,OK
CUST_012584,WI
CUST_010607,FL
CUST_014194,NJ
CUST_013036,OR
CUST_010039,LA
CUST_012617,IL
CUST_012338,CO
CUST_012395,KY
CUST_011701,NY
CUST_010458,LA
CUST_012091,AZ
CUST_013023,MN
CUST_010803,LA
CUST_011760,NY
CUST_010213,NY
CUST_010128,MD
CUST_010951,MN
CUST_013931,CA
CUST_011296,IN
CUST_012006,MO
CUST_012784,CT
CUST_012808,WA
CUST_013898,WI
CUST_014589,CO
CUST_010606,TX
CUST_012937,OR
CUST_011013,WA
CUST_010574,IL
CUST_011826,OK
CUST_010771,WI
CUST_011655,CO
CUST_012173,AL
CUST_014665,GA
CUST_012010,IN
CUST_013024,OK
CUST_010708,LA
CUST_013407,MA
CUST_013278,SC
CUST_011147,MN
CUST_010995,MO
CUST_012049,NY
CUST_011894,NY
CUST_013540,MD
CUST_010139,OR
CUST_014820,OR
CUST_012101,OR
CUST_011432,NJ
CUST_011739,LA
CUST_014406,MA
CUST_010764,OK
CUST_011608,OR
CUST_012425,UT
CUST_013354,CA
CUST_010426,WI
CUST_014679,CT
CUST_011611,CT
CUST_011323,IL
CUST_014574,WI
CUST_012308,VA
CUST_010232,IN
CUST_014022,FL
CUST_012637,OK
CUST_014647,MN
CUST_010224,VA
CUST_014992,NJ
CUST_014011,NC
CUST_014019,AL
CUST_011866,SC
CUST_013205,MN
CUST_011972,FL
CUST_014904,MI
CUST_014365,WI
CUST_010366,MN
CUST_011268,WI
CUST_014445,VA
CUST_013868,OK
CUST_010049,NC
CUST_012869,WA
CUST_011339,MO
CUST_012985,MN
CUST_010821,MN
CUST_014077,MA
CUST_014381,NC
CUST_013205,PA
CUST_014662,SC
CUST_011870,FL
CUST_011058,VA
CUST_011166,IN
CUST_013083,PA
CUST_012978,MI
CUST_010735,CO
CUST_011485,KY
CUST_011988,LA
CUST_013799,LA
CUST_010009,IL
CUST_013337,GA
CUST_014244,OK
CUST_014251,TN
CUST_010615,NY
CUST_013543,TX
CUST_014380,WI
CUST_014457,PA
CUST_012777,TX
CUST_012290,WI
CUST_013840,WA
CUST_011835,MA
CUST_013357,WA
CUST_012872,MI
CUST_013504,UT
CUST_014446,AZ
CUST_014246,TX
CUST_010618,TN
CUST_012138,AL
CUST_012788,AZ
CUST_012412,WA
CUST_011114,OH
CUST_013696,TN
CUST_010144,GA
CUST_010656,AL
CUST_014882,SC
CUST_013663,CT
CUST_010607,IL
CUST_010293,TX
CUST_014142,TN
CUST_011125,NJ
CUST_011575,GA
CUST_014493,GA
CUST_011070,WI
CUST_010671,VA
CUST_014688,WA
CUST_013813,CT
CUST_014453,MO
CUST_011158,MI
CUST_011375,AL
CUST_014500,MN
CUST_011191,NC
CUST_011924,WI
CUST_010018,OR
CUST_014903,OR
CUST_011149,CA
CUST_014422,GA
CUST_014173,PA
CUST_013113,OK
CUST_010566,LA
CUST_012759,GA
CUST_010584,MN
CUST_012706,MO
CUST_014623,LA
CUST_012286,WI
CUST_012952,SC
CUST_014915,MA
CUST_013731,MO
CUST_014449,VA
CUST_010672,CT
CUST_013981,VA
CUST_011424,TX
CUST_013431,OR
CUST_010073,KY
CUST_011706,SC
CUST_014080,VA
CUST_014875,AZ
CUST_010515,GA
CUST_011720,MO
CUST_014054,UT
CUST_012913,IN
CUST_010122,LA
CUST_010450,OH
CUST_010474,NJ
CUST_012006,CT
CUST_012930,CT
CUST_014644,NC
CUST_010712,GA
CUST_011765,OH
CUST_010833,NJ
CUST_011552,UT
CUST_010058,NC
CUST_011066,MN
CUST_012665,PA
CUST_014762,KY
CUST_014030,WI
CUST_013599,TN
CUST_014942,MA
CUST_010605,VA
CUST_012258,GA
CUST_011780,IN
CUST_012631,FL
CUST_014529,SC
CUST_014020,KY
CUST_013467,WA
CUST_014831,MN
CUST_013202,MA
CUST_013890,WA
CUST_012101,MO
CUST_011327,TX
CUST_010499,TN
CUST_010831,MA
CUST_010962,OH
CUST_012667,TX
CUST_013238,MD
CUST_012942,MD
CUST_014028,MN
CUST_012012,AL
CUST_014614,OH
CUST_012428,MO
CUST_010229,CO
CUST_011118,MN
CUST_011884,NY
CUST_013245,OK
CUST_014761,TN
CUST_012785,CO
CUST_012076,CT
CUST_014303,FL
CUST_011880,AL
CUST_013862,KY
CUST_012845,VA
CUST_014127,CO
CUST_012660,MD
CUST_014496,MN
CUST_014568,TN
CUST_011071,FL
CUST_012528,PA
CUST_014794,IL
CUST_012841,IL
CUST_014881,AL
CUST_014595,AL
CUST_010053,FL
CUST_014638,CO
CUST_013915,NC
CUST_012027,MD
CUST_010346,WI
CUST_010788,MO
CUST_012827,CT
CUST_013339,CA
CUST_012577,LA
CUST_011070,AL
CUST_014931,SC
CUST_014718,PA
CUST_010109,OR
CUST_014859,GA
CUST_011836,LA
CUST_011522,CO
CUST_013539,TN
CUST_011687,AL
CUST_013592,LA
CUST_011493,TN
CUST_011807,CA
CUST_014943,UT
CUST_012041,CT
CUST_013330,CO
CUST_010738,MO
CUST_012497,NY
CUST_012744,MO
CUST_014275,MA
CUST_014478,IN
CUST_012945,MA
CUST_010053,IN
CUST_013218,CO
CUST_011363,OR
CUST_010812,SC
CUST_014065,FL
CUST_011298,CO
CUST_010675,MO
CUST_012468,KY
CUST_014079,KY
CUST_013019,FL
CUST_013039,IN
CUST_011309,SC
CUST_010552,IL
CUST_014234,IL
CUST_013691,WA
CUST_010369,AZ
CUST_012935,MI
CUST_010755,UT
CUST_013175,GA
CUST_012533,MO
CUST_011380,SC
CUST_014963,GA
CUST_014598,TX
CUST_010116,VA
CUST_010921,MI
CUST_010530,PA
CUST_013511,TX
CUST_011133,AL
CUST_013958,WA
CUST_011537,OH
CUST_011622,NJ
CUST_012373,FL
CUST_010735,SC
CUST_014373,AL
CUST_010897,CT
CUST_012490,CA
CUST_013542,AL
CUST_012566,SC
CUST_013557,NC
CUST_011295,MD
CUST_012088,NC
CUST_010216,GA
CUST_010785,KY
CUST_012683,OH
CUST_013780,MO
CUST_011961,CO
CUST_012158,VA
CUST_011668,CA
CUST_013253,CT
CUST_011247,MD
CUST_012198,MI
CUST_012475,NY
CUST_013146,TX
CUST_011000,NY
CUST_014554,KY
CUST_011271,FL
CUST_013475,AL
CUST_012201,CA
CUST_010884,MI
CUST_014899,TN
CUST_014350,MA
CUST_011213,CO
CUST_013447,IN
CUST_014137,IN
CUST_013126,AL
CUST_011343,OR
CUST_014327,TN
CUST_014491,CA
CUST_013486,NY
CUST_013887,TX
CUST_010249,MI
CUST_012927,SC
CUST_011973,CO
CUST_014047,NY
CUST_010715,UT
CUST_012263,IN
CUST_012418,FL
CUST_011792,NY
CUST_011103,AZ
CUST_012463,MD
CUST_011558,GA
CUST_010170,MA
CUST_012014,LA
CUST_014972,MN
CUST_012065,OH
CUST_014862,TX
CUST_014504,CT
CUST_014334,AL
CUST_014186,IL
CUST_014249,NJ
CUST_010871,GA
CUST_012521,NJ
CUST_013795,IL
CUST_010170,IL
CUST_013954,TN
CUST_012840,NJ
CUST_011522,MA
CUST_011861,NC
CUST_010840,MI
CUST_011320,IN
CUST_012268,UT
CUST_011935,CT
CUST_014988,OR
CUST_014327,FL
CUST_013740,MO
CUST_012515,MA
CUST_010766,MD
CUST_012604,OK
CUST_010141,UT
CUST_014468,GA
CUST_013143,OR
CUST_013639,OK
CUST_014440,IL
CUST_012567,VA
CUST_012394,NC
CUST_014598,LA
CUST_010919,NJ
CUST_010691,SC
CUST_012637,LA
CUST_014167,NJ
CUST_010944,FL
CUST_012565,AL
CUST_011100,NY
CUST_013165,WI
CUST_010990,NY
CUST_013576,PA
CUST_010202,NY
CUST_013222,VA
CUST_012782,WI
CUST_012163,FL
CUST_014601,TN
CUST_010565,AZ
CUST_014378,KY
CUST_014867,KY
CUST_010418,MI
CUST_011464,CO
CUST_010153,LA
CUST_011455,TX
CUST_011284,AL
CUST_011920,NC
CUST_014708,TN
CUST_014422,NC
CUST_010390,FL
CUST_014471,MA
CUST_013469,IL
CUST_012496,MA
CUST_014669,MD
CUST_014185,OH
CUST_014429,IL
CUST_013554,MN
CUST_012984,WI
CUST_011098,MA
CUST_010148,MN
CUST_014830,VA
CUST_013587,NC
CUST_012611,NY
CUST_010203,CA
CUST_013012,FL
CUST_013016,MO
CUST_011035,TN
CUST_014831,KY
CUST_011041,FL
CUST_013392,CT
CUST_012409,MI
CUST_013067,NC
CUST_013850,MD
CUST_010061,WI
CUST_010323,FL
CUST_010841,GA
CUST_011751,FL
CUST_010738,CO
CUST_010648,WA
CUST_010374,KY
CUST_010203,AZ
CUST_014545,VA
CUST_014244,OH
CUST_013011,WA
CUST_012907,OK
CUST_012966,GA
CUST_012977,CA
CUST_011297,OH
CUST_010073,MI
CUST_014683,MA
CUST_011359,MD
CUST_010630,NY
CUST_011955,MN
CUST_012348,IL
CUST_013506,MA
CUST_013072,MI
CUST_013957,NY
CUST_012191,LA
CUST_010851,IN
CUST_013893,CO
CUST_012325,FL
CUST_014082,FL
CUST_011085,WA
CUST_011824,MI
CUST_012893,MI
CUST_012962,WA
CUST_014547,AZ
CUST_010727,AZ
CUST_013304,NY
CUST_012668,AZ
CUST_012623,AL
CUST_012157,GA
CUST_010405,PA
CUST_013476,MD
CUST_010945,PA
CUST_014365,CO
CUST_010082,WA
CUST_014216,MN
CUST_012161,TN
CUST_010108,MA
CUST_011963,MI
CUST_013181,OR
CUST_013589,FL
CUST_011036,PA
CUST_010659,AZ
CUST_014104,PA
CUST_010380,PA
CUST_012805,CA
CUST_014184,GA
CUST_013881,IN
CUST_014494,WA
CUST_011049,LA
CUST_011152,FL
CUST_013329,AZ
CUST_014832,GA
CUST_013735,CT
CUST_010992,TN
CUST_010737,IL
CUST_014748,KY
CUST_011035,NY
CUST_014551,IN
CUST_011256,WA
CUST_014229,NY
CUST_010316,CT
CUST_011324,FL
CUST_012261,WI
CUST_010770,MN
CUST_014872,TN
CUST_012470,NY
CUST_011124,VA
CUST_013126,CA
CUST_012558,CA
CUST_010325,GA
CUST_013535,AZ
CUST_011003,MN
CUST_014104,CO
CUST_013038,OK
CUST_011565,IN
CUST_013236,VA
CUST_012564,OH
CUST_013182,LA
CUST_010856,MD
CUST_013635,LA
CUST_010330,VA
CUST_012575,IL
CUST_012220,IL
CUST_011849,MD
CUST_012155,TX
CUST_013823,FL
CUST_010702,KY
CUST_010771,MO
CUST_013255,OH
CUST_011397,OR
CUST_013253,PA
CUST_014830,MI
CUST_011142,CA
CUST_010767,CT
CUST_012889,TN
CUST_013423,AZ
CUST_013309,WI
CUST_010671,MD
CUST_013919,MO
CUST_013922,NJ
CUST_011275,MI
CUST_010430,MO
CUST_012215,TX
CUST_010164,WI
CUST_012675,SC
CUST_012842,PA
CUST_013681,NJ
CUST_012944,LA
CUST_013456,FL
CUST_011739,SC
CUST_011404,PA
CUST_014108,MO
CUST_013074,FL
CUST_014838,MA
CUST_014941,PA
CUST_010198,NY
CUST_013220,LA
CUST_012132,AZ
CUST_011559,UT
CUST_014508,GA
CUST_013775,AL
CUST_013127,OK
CUST_010963,LA
CUST_014395,MD
CUST_013253,LA
CUST_011061,OK
CUST_010036,OR
CUST_014419,CA
CUST_012622,UT
CUST_010977,SC
CUST_014975,UT
CUST_012597,CO
CUST_014769,GA
CUST_011021,FL
CUST_014307,AZ
CUST_010300,FL
CUST_010540,WI
CUST_010940,KY
CUST_010439,TN
CUST_010798,UT
CUST_014716,OK
CUST_012073,TN
CUST_011893,MN
CUST_010288,FL
CUST_012341,VA
CUST_012676,LA
CUST_013902,WA
CUST_012167,AL
CUST_010028,MN
CUST_013262,MA
CUST_014408,MN
CUST_011749,NY
CUST_012242,MD
CUST_011480,MI
CUST_010050,IL
CUST_012184,MD
CUST_014236,MO
CUST_013908,TX
CUST_013271,VA
CUST_012148,NJ
CUST_012745,MO
CUST_011899,OR
CUST_010519,TN
CUST_011721,CO
CUST_012815,CT
CUST_012218,MO
CUST_011028,GA
CUST_012404,OR
CUST_014834,VA
CUST_011365,WI
CUST_010989,GA
CUST_010618,MI
CUST_014845,CT
CUST_012242,OK
CUST_011174,NC
CUST_014826,NC
CUST_014764,MD
CUST_011863,PA
CUST_014363,SC
CUST_010051,IN
CUST_011708,CO
CUST_014396,MI
CUST_012262,PA
CUST_013764,CO
CUST_013022,KY
CUST_014883,NJ
CUST_013075,OK
CUST_012131,MO
CUST_010636,NY
CUST_012023,UT
CUST_012539,GA
CUST_013433,WI
CUST_012786,NC
CUST_011364,VA
CUST_013222,MD
CUST_014548,FL
CUST_014587,FL
CUST_011979,MO
CUST_014890,MD
CUST_013685,IL
CUST_012745,WA
CUST_010961,UT
CUST_011898,MN
CUST_014212,TN
CUST_010095,TX
CUST_011009,OK
CUST_011955,LA
CUST_011065,OK
CUST_010492,MD
CUST_011130,MA
CUST_010760,MI
CUST_014376,IL
CUST_014333,OK
CUST_012895,VA
CUST_010697,MI
CUST_010575,SC
CUST_013247,CT
CUST_014901,PA
CUST_012775,TN
CUST_011179,NY
CUST_012291,VA
CUST_013998,CO
CUST_012487,GA
CUST_011023,FL
CUST_010814,NC
CUST_014508,MD
CUST_013326,MO
CUST_012862,CO
CUST_013006,OH
CUST_012123,IL
CUST_014085,MD
CUST_011529,OR
CUST_014522,SC
CUST_010037,UT
CUST_012533,MI
CUST_010635,OR
CUST_011014,FL
CUST_012804,MN
CUST_013010,NC
CUST_011229,GA
CUST_011479,NJ
CUST_012874,VA
CUST_014004,MA
CUST_014657,MO
CUST_013566,PA
CUST_011551,UT
CUST_012805,CO
CUST_010171,MI
CUST_010036,MI
CUST_010579,PA
CUST_014656,AL
CUST_011601,AZ
CUST_014201,NY
CUST_012392,IL
CUST_012567,FL
CUST_011454,OH
CUST_013511,SC
CUST_010674,TX
CUST_011773,NJ
CUST_014842,MI
CUST_011997,NJ
CUST_011706,PA
CUST_013327,AZ
CUST_010404,IN
CUST_014820,UT
CUST_014344,PA
CUST_014565,CO
CUST_012942,MI
CUST_010446,MI
CUST_010879,FL
CUST_013993,OK
CUST_012087,KY
CUST_013103,MD
CUST_013318,IN
CUST_013281,NC
CUST_013397,MI
CUST_014508,NJ
CUST_014127,LA
CUST_011968,TN
CUST_014356,PA
CUST_011794,AL
CUST_013133,MN
CUST_013042,CO
CUST_013090,SC
CUST_013190,VA
CUST_012720,MD
CUST_011171,PA
CUST_013336,IL
CUST_013176,CT
CUST_011671,IL
CUST_012259,IL
CUST_010863,TN
CUST_012911,WI
CUST_013808,AZ
CUST_014447,IL
CUST_012372,MD
CUST_013949,PA
CUST_014905,MA
CUST_011957,WI
CUST_014159,WA
CUST_011009,TN
CUST_013041,MI
CUST_011834,TN
CUST_011542,OK
CUST_013488,MI
CUST_011420,IL
CUST_014950,NJ
CUST_012585,MN
CUST_013130,NJ
CUST_014766,CA
CUST_014701,MA
CUST_011240,PA
CUST_011716,NC
CUST_012459,VA
CUST_010128,CA
CUST_011669,IL
CUST_010500,AZ
CUST_014736,TX
CUST_011019,SC
CUST_013807,NY
CUST_010971,WI
CUST_014532,LA
CUST_013897,VA
CUST_012064,AZ
CUST_010322,OH
CUST_014728,MN
CUST_013674,SC
CUST_014078,GA
CUST_014099,OK
CUST_012119,GA
CUST_013165,LA
CUST_012069,SC
CUST_012898,GA
CUST_012882,MN
CUST_013752,UT
CUST_010082,MN
CUST_010218,MO
CUST_012531,FL
CUST_014672,FL
CUST_012976,WA
CUST_010835,CO
CUST_012879,NY
CUST_012536,GA
CUST_014088,IL
CUST_011165,IL
CUST_010363,LA
CUST_014376,SC
CUST_013936,TN
CUST_014654,WI
CUST_013090,MA
CUST_013049,VA
CUST_013039,SC
CUST_013045,IN
CUST_010790,TN
CUST_010767,CO
CUST_012491,MD
CUST_010396,OK
CUST_010289,OR
CUST_014449,OK
CUST_013761,MN
CUST_013314,MI
CUST_014724,SC
CUST_010847,IL
CUST_012232,MA
CUST_014649,WI
CUST_014739,NJ
CUST_010706,FL
CUST_012571,OK
CUST_014490,OR
CUST_011174,AL
CUST_011883,MI
CUST_010143,IL
CUST_013728,CA
CUST_011831,AL
CUST_010232,AL
CUST_011394,UT
CUST_011637,MA
CUST_014187,OK
CUST_013461,SC
CUST_011841,CO
CUST_011236,CA
CUST_013104,AL
CUST_012023,LA
CUST_012623,KY
CUST_014188,AZ
CUST_011154,MO
CUST_011297,MA
CUST_013285,KY
CUST_014289,VA
CUST_014875,SC
CUST_010103,PA
CUST_013169,IL
CUST_013741,IL
CUST_012273,OH
CUST_011126,OH
CUST_010030,LA
CUST_012038,MO
CUST_012886,VA
CUST_013307,LA
CUST_011910,UT
CUST_011268,FL
CUST_010240,OH
CUST_010261,IN
CUST_010747,TN
CUST_014946,GA
CUST_014592,OK
CUST_010262,MN
CUST_011957,NJ
CUST_013090,FL
CUST_013903,WI
CUST_012114,IL
CUST_014261,TN
CUST_012642,MN
CUST_010065,FL
CUST_012686,IN
CUST_014694,NY
CUST_011682,OR
CUST_014874,VA
CUST_011386,WI
CUST_013022,MI
CUST_010042,FL
CUST_014421,NJ
CUST_010117,GA
CUST_012321,WI
CUST_012449,GA
CUST_010088,CT
CUST_013844,KY
CUST_011791,UT
CUST_013517,MI
CUST_011307,OR
CUST_014952,OR
CUST_013895,LA
CUST_014222,AZ
CUST_012280,MI
CUST_011237,CT
CUST_013969,WI
CUST_014613,LA
CUST_010243,SC
CUST_014876,MI
CUST_013041,MA
CUST_011529,AZ
CUST_012275,IL
CUST_010178,WA
CUST_011368,TX
CUST_012758,UT
CUST_011051,MN
CUST_011998,WA
CUST_012963,MN
CUST_014235,VA
CUST_012004,MI
CUST_011393,OK
CUST_014739,TN
CUST_012613,CT
CUST_012158,CO
CUST_010812,OH
CUST_011382,WA
CUST_014151,LA
CUST_014933,LA
CUST_013943,OR
CUST_013213,TX
CUST_012028,MI
CUST_014118,MN
CUST_012622,AZ
CUST_013558,CT
CUST_011190,CO
CUST_014653,LA
CUST_013730,CA
CUST_010274,UT
CUST_011988,MO
CUST_011136,MI
CUST_013771,IL
CUST_011139,MA
CUST_013315,CT
CUST_010696,OR
CUST_013742,MA
CUST_014400,WA
CUST_014166,CT
CUST_011555,LA
CUST_010689,FL
CUST_010852,MO
CUST_013751,UT
CUST_013125,CO
CUST_012091,WI
CUST_011734,NC
CUST_012386,OR
CUST_011599,OH
CUST_012585,IL
CUST_014663,VA
CUST_014758,NY
CUST_011683,TX
CUST_013191,WA
CUST_011483,OR
CUST_012942,TX
CUST_011116,MA
CUST_013492,LA
CUST_012161,MA
CUST_010329,LA
CUST_014490,OK
CUST_011743,AL
CUST_014848,WI
CUST_012088,AL
CUST_013465,CO
CUST_012152,OR
CUST_010519,IN
CUST_013828,MN
CUST_011122,NC
CUST_010164,IL
CUST_013322,SC
CUST_013775,FL
CUST_013289,LA
CUST_011972,CT
CUST_014125,WI
CUST_013216,MA
CUST_010093,MI
CUST_013320,SC
CUST_014465,MD
CUST_012512,SC
CUST_010549,SC
CUST_014793,WA
CUST_010783,KY
CUST_013848,WA
CUST_014197,KY
CUST_014881,TN
CUST_014944,SC
CUST_010180,SC
CUST_013204,TX
CUST_011478,WI
CUST_011707,OH
CUST_011582,MI
CUST_014073,MO
CUST_012940,MD
CUST_012582,CT
CUST_012758,AL
CUST_014046,TN
CUST_013080,MO
CUST_014424,AZ
CUST_012788,PA
CUST_010635,NC
CUST_012557,MI
CUST_013683,OH
CUST_014347,NY
CUST_014768,MN
CUST_014156,GA
CUST_012773,WA
CUST_014207,NC
CUST_013525,TN
CUST_010554,IN
CUST_011756,CO
CUST_011052,IN
CUST_014496,MA
CUST_012452,SC
CUST_014686,SC
CUST_013742,LA
CUST_012210,MA
CUST_014062,PA
CUST_014529,MI
CUST_014369,MN
CUST_010782,KY
CUST_014490,IN
CUST_011536,TX
CUST_012460,IL
CUST_010562,CT
CUST_014011,NJ
CUST_013459,MA
CUST_013762,NC
CUST_014650,LA
CUST_010309,FL
CUST_010349,WI
CUST_013179,MD
CUST_014783,IN
CUST_010219,LA
CUST_013479,TN
CUST_013971,IN
CUST_013658,TX
CUST_011327,OR
CUST_013213,NY
CUST_012731,WI
CUST_010571,WA
CUST_013410,TN
CUST_014672,NY
CUST_011762,MD
CUST_010725,VA
CUST_011848,WI
CUST_011189,AL
CUST_011910,WA
CUST_014943,OR
CUST_013834,NY
CUST_014940,NC
CUST_012605,TX
CUST_011777,OK
CUST_011363,AL
CUST_014252,MD
CUST_013109,MD
CUST_012509,MD
CUST_012744,CT
CUST_013514,VA
CUST_011808,WA
CUST_012900,WI
CUST_011286,FL
CUST_013264,NJ
CUST_011268,MA
CUST_013778,NJ
CUST_014270,IN
CUST_011361,OH
CUST_014374,CO
CUST_011015,VA
CUST_014970,MA
CUST_014478,IL
CUST_010210,OH
CUST_012906,MD
CUST_014834,GA
CUST_011068,CO
CUST_014817,NJ
CUST_012737,TX
CUST_012934,IN
CUST_012818,UT
CUST_013661,MD
CUST_010950,TN
CUST_012806,NC
CUST_014300,AZ
CUST_013798,MD
CUST_013271,MD
CUST_014426,SC
CUST_010266,VA
CUST_011146,CT
CUST_014333,OH
CUST_010493,VA
CUST_010402,LA
CUST_011226,WI
CUST_013788,SC
CUST_014606,SC
CUST_012087,WA
CUST_012187,GA
CUST_013893,KY
CUST_011352,NJ
CUST_014752,MA
CUST_010552,SC
CUST_012787,OK
CUST_011886,WI
CUST_014709,CT
CUST_010107,CO
CUST_012340,MO
CUST_013979,LA
CUST_014006,IN
CUST_010616,IN
CUST_011170,FL
CUST_010870,MN
CUST_010343,AL
CUST_011586,MA
CUST_014943,OK
CUST_014687,WA
CUST_014159,IL
CUST_014496,MI
CUST_010213,LA
CUST_012650,WA
CUST_010017,AZ
CUST_014149,OK
CUST_010585,GA
CUST_014240,TN
CUST_010656,WA
CUST_013815,NJ
CUST_013089,PA
CUST_013966,KY
CUST_014620,FL
CUST_014110,OH
CUST_014639,KY
CUST_012166,MI
CUST_011644,NY
CUST_010934,OR
CUST_014242,TX
CUST_014081,CT
CUST_011584,FL
CUST_014842,TX
CUST_014429,WI
CUST_010171,MO
CUST_010867,AL
CUST_011263,NJ
CUST_011272,WA
CUST_013204,CT
CUST_012133,AZ
CUST_012280,LA
CUST_011675,NC
CUST_014036,VA
CUST_010582,IL
CUST_014555,IN
CUST_013268,IN
CUST_012408,GA
CUST_013976,KY
CUST_014365,OH
CUST_013706,MI
CUST_011898,GA
CUST_013067,MN
CUST_012495,NJ
CUST_010013,IL
CUST_013150,NC
CUST_010910,OH
CUST_010840,GA
CUST_014661,OR
CUST_014170,UT
CUST_012866,NY
CUST_012388,FL
CUST_012213,OR
CUST_011937,NY
CUST_013265,OK
CUST_014739,OR
CUST_011115,UT
CUST_012739,TX
CUST_011752,IL
CUST_011292,NC
CUST_013653,OH
CUST_011204,CO
CUST_011170,MI
CUST_011930,MN
CUST_013813,CO
CUST_011179,TX
CUST_011790,CO
CUST_011577,IN
CUST_010144,TX
CUST_010195,OR
CUST_014938,CA
CUST_014805,OK
CUST_011307,NJ
CUST_014995,AL
CUST_014051,MI
CUST_010922,MI
CUST_014828,MI
CUST_010350,OR
CUST_011183,VA
CUST_010593,PA
CUST_011558,FL
CUST_012564,WA
CUST_012017,MD
CUST_011169,TX
CUST_014381,VA
CUST_012526,MN
CUST_013087,OR
CUST_010839,UT
CUST_014992,GA
CUST_012801,WA
CUST_011706,IL
CUST_012124,MO
CUST_013636,CT
CUST_013686,IL
CUST_010053,NJ
CUST_012498,CA
CUST_012471,TN
CUST_014460,VA
CUST_013447,OR
CUST_011967,LA
CUST_011718,UT
CUST_014084,MO
CUST_012773,PA
CUST_013307,CA
CUST_013230,WA
CUST_011610,OH
CUST_011428,AZ
CUST_012109,OR
CUST_010796,MA
CUST_010061,MO
CUST_010799,OH
CUST_012648,TN
CUST_011178,NY
CUST_011273,OR
CUST_012162,MO
CUST_012084,NY
CUST_012284,MA
CUST_012512,OR
CUST_014841,MA
CUST_011104,IL
CUST_014844,PA
CUST_012401,MA
CUST_014655,WA
CUST_010860,MN
CUST_010225,OK
CUST_014478,UT
CUST_014693,MD
CUST_013623,VA
CUST_013116,TN
CUST_010019,MI
CUST_010935,MA
CUST_010076,WI
CUST_011448,MI
CUST_014648,NJ
CUST_012961,MN
CUST_013826,MO
CUST_013764,TN
CUST_015000,KY
CUST_010453,OK
CUST_014531,MN
CUST_014737,LA
CUST_013135,AZ
CUST_011173,LA
CUST_011615,FL
CUST_012561,MD
CUST_013584,UT
CUST_010094,IN
CUST_014805,MI
CUST_012021,MD
CUST_011802,TN
CUST_011417,MO
CUST_011985,OK
CUST_014908,CA
CUST_014930,GA
CUST_014136,PA
CUST_010688,MO
CUST_011199,AL
CUST_012439,AL
CUST_010895,WA
CUST_010578,KY
CUST_012026,GA
CUST_010905,SC
CUST_011944,CT
CUST_014641,CT
CUST_014737,PA
CUST_013147,MD
CUST_010089,NY
CUST_011415,MA
CUST_014665,IN
CUST_011653,MD
CUST_010571,PA
CUST_011345,NY
CUST_010621,MN
CUST_012534,MO
CUST_011902,AZ
CUST_013095,CT
CUST_010031,WI
CUST_012250,WA
CUST_013579,SC
CUST_011810,AL
CUST_014613,SC
CUST_011128,FL
CUST_011642,MN
CUST_014624,KY
CUST_012400,MI
CUST_012699,PA
CUST_014151,OR
CUST_014913,OH
CUST_014517,IN
CUST_011436,OK
CUST_013447,GA
CUST_012877,OR
CUST_014008,MD
CUST_014042,GA
CUST_014509,AZ
CUST_011110,CT
CUST_012044,CT
CUST_013633,CO
CUST_012198,MA
CUST_011909,CA
CUST_013632,AL
CUST_012704,SC
CUST_014528,LA
CUST_013411,OR
CUST_010492,CA
CUST_011223,MD
CUST_012319,SC
CUST_010893,CO
CUST_014476,MA
CUST_013396,LA
CUST_012923,VA
CUST_014510,MA
CUST_014285,LA
CUST_010523,NC
CUST_013499,VA
CUST_014530,NC
CUST_013562,IL
CUST_011005,MD
CUST_010283,MD
CUST_010757,MD
CUST_014948,NY
CUST_013638,PA
CUST_014411,KY
CUST_011934,MD
CUST_010443,NC
CUST_012176,IN
CUST_012000,KY
CUST_011620,OK
CUST_013237,IL
CUST_011440,PA
CUST_012273,KY
CUST_011639,MI
CUST_010541,CO
CUST_013566,CA
CUST_010811,FL
CUST_014576,FL
CUST_013458,PA
CUST_010719,CA
CUST_011833,MA
CUST_011859,MO
CUST_013608,GA
CUST_012195,WI
CUST_010963,SC
CUST_011959,MI
CUST_014784,OH
CUST_010016,SC
CUST_011837,CA
CUST_013723,GA
CUST_010705,TN
CUST_012170,KY
CUST_010473,TX
CUST_010692,NC
CUST_011391,LA
CUST_013698,AZ
CUST_010733,AL
CUST_014545,MA
CUST_014204,MO
CUST_013283,CO
CUST_012155,NC
CUST_011129,UT
CUST_013173,IL
CUST_014389,NY
CUST_013127,GA
CUST_014075,TX
CUST_010661,WA
CUST_012815,MN
CUST_011591,OR
CUST_012503,GA
CUST_012144,LA
CUST_010541,VA
CUST_012284,AL
CUST_010691,AL
CUST_010392,VA
CUST_010831,PA
CUST_012542,WI
CUST_014625,NJ
CUST_014222,CA
CUST_010209,AZ
CUST_014346,MN
CUST_011858,CO
CUST_010932,AZ
CUST_011763,NJ
CUST_013219,MN
CUST_010694,NC
CUST_013392,NJ
CUST_010911,IL
CUST_012765,VA
CUST_014759,NJ
CUST_013988,CO
CUST_013435,UT
CUST_010007,FL
CUST_014964,MN
CUST_010356,CA
CUST_010692,VA
CUST_012404,TN
CUST_011986,FL
CUST_014636,TX
CUST_014561,AZ
CUST_013753,PA
CUST_013959,MO
CUST_011401,MA
CUST_014053,PA
CUST_011284,MA
CUST_014159,CO
CUST_010429,VA
CUST_014366,WI
CUST_010970,TN
CUST_011818,UT
CUST_014573,GA
CUST_014991,MI
CUST_013950,TX
CUST_010328,NJ
CUST_010627,MN
CUST_013557,WA
CUST_010153,WI
CUST_010393,NY
CUST_014553,MI
CUST_013448,WI
CUST_014836,MI
CUST_010337,TX
CUST_014165,WA
CUST_010812,PA
CUST_011207,WA
CUST_014190,CT
CUST_011785,SC
CUST_010660,OH
CUST_012223,OK
CUST_012701,KY
CUST_012853,TN
CUST_014716,NJ
CUST_012850,LA
CUST_012221,CT
CUST_010574,OK
CUST_010792,AZ
CUST_014573,FL
CUST_012431,FL
CUST_014113,PA
CUST_010060,IN
CUST_012561,TN
CUST_013979,AL
CUST_013970,IL
CUST_010226,FL
CUST_012605,WI
CUST_012027,KY
CUST_012092,IL
CUST_010427,AZ
CUST_010707,IL
CUST_010065,CT
CUST_014675,CT
CUST_012252,AZ
CUST_011239,NY
CUST_013050,CO
CUST_012619,MO
CUST_012019,NY
CUST_011241,IL
CUST_010191,AZ
CUST_014553,FL
CUST_014186,MN
CUST_011548,TN
CUST_013880,NC
CUST_013284,UT
CUST_013293,NY
CUST_014223,MD
CUST_013215,NY
CUST_012150,WA
CUST_014915,AL
CUST_010658,AZ
CUST_013902,MO
CUST_012669,CT
CUST_011007,OR
CUST_011047,FL
CUST_010200,MA
CUST_011630,OR
CUST_013898,IL
CUST_010105,PA
CUST_013373,CA
CUST_013234,MD
CUST_014890,WA
CUST_010740,WA
CUST_010781,GA
CUST_010456,MD
CUST_014980,LA
CUST_013614,NC
CUST_011011,CT
CUST_013761,MD
CUST_014202,CT
CUST_011322,SC
CUST_012769,TN
CUST_014635,FL
CUST_014693,AL
CUST_011925,TX
CUST_011393,MN
CUST_013717,OH
CUST_011414,MN
CUST_013191,AL
CUST_014964,WA
CUST_011749,CO
CUST_010444,WA
CUST_011681,NJ
CUST_012692,CT
CUST_013340,NC
CUST_014217,VA
CUST_014833,GA
CUST_013142,UT
CUST_010931,CA
CUST_010408,AZ
CUST_010714,CO
CUST_014661,MO
CUST_014618,MA
CUST_011611,OR
CUST_012411,CT
CUST_012700,LA
CUST_010290,CA
CUST_014934,MI
CUST_010840,AZ
CUST_013188,AL
CUST_012925,TX
CUST_013106,MI
CUST_011845,IN
CUST_012459,UT
CUST_012667,WA
CUST_014081,MN
CUST_012054,PA
CUST_011346,CA
CUST_011485,OH
CUST_013184,CO
CUST_013571,LA
CUST_012324,OH
CUST_013005,MD
CUST_013373,MI
CUST_012258,KY
CUST_011522,NY
CUST_013996,OH
CUST_014418,UT
CUST_011015,WI
CUST_011631,MN
CUST_010855,MN
CUST_010895,NY
CUST_012102,MO
CUST_012608,IL
CUST_011685,UT
CUST_014993,LA
CUST_010044,AL
CUST_013682,TX
CUST_010684,CT
CUST_014025,MA
CUST_014590,MD
CUST_011743,OK
CUST_010485,IN
CUST_011653,FL
CUST_014453,OK
CUST_012938,MA
CUST_014158,OK
CUST_014327,IL
CUST_013866,WI
CUST_012353,TX
CUST_010599,CT
CUST_010640,TX
CUST_012545,WI
CUST_011917,SC
CUST_010188,IL
CUST_010139,GA
CUST_011747,OR
CUST_011800,TX
CUST_014815,MA
CUST_012224,MO
CUST_011697,TX
CUST_013232,IL
CUST_012541,NY
CUST_011435,IL
CUST_012626,OH
CUST_012053,IL
CUST_012876,TN
CUST_014088,IN
CUST_010036,NY
CUST_013488,NJ
CUST_014028,NJ
CUST_013322,CO
CUST_011346,PA
CUST_014505,TN
CUST_011892,LA
CUST_012190,CA
CUST_014387,FL
CUST_014411,AZ
CUST_012035,OK
CUST_013257,AZ
CUST_014025,AZ
CUST_013746,SC
CUST_012840,TX
CUST_011167,PA
CUST_011141,VA
CUST_013343,MA
CUST_014014,LA
CUST_011147,VA
CUST_012060,OH
CUST_011295,SC
CUST_012388,KY
CUST_013770,NY
CUST_010484,OK
CUST_010238,WI
CUST_010285,OR
CUST_014418,MN
CUST_010178,MD
CUST_011270,NJ
CUST_013383,WI
CUST_010448,WA
CUST_012335,WI
CUST_013881,GA
CUST_014469,OK
CUST_013481,TN
CUST_010208,OR
CUST_010043,LA
CUST_014065,KY
CUST_012072,WA
CUST_010633,CO
CUST_010946,VA
CUST_011051,UT
CUST_012387,PA
CUST_012965,AZ
CUST_014054,VA
CUST_010190,MN
CUST_012946,MA
CUST_010102,MI
CUST_011276,KY
CUST_014319,NY
CUST_012340,OK
CUST_011990,NC
CUST_012505,VA
CUST_010196,IL
CUST_013059,WI
CUST_011395,WA
CUST_012172,AZ
CUST_011706,KY
CUST_011279,NC
CUST_013138,AZ
CUST_013410,PA
CUST_014604,MD
CUST_012621,AL
CUST_012131,SC
CUST_010203,MA
CUST_011816,KY
CUST_011000,IN
CUST_013126,TN
CUST_013898,NJ
CUST_010076,IL
CUST_012063,AL
CUST_011051,GA
CUST_013714,IL
CUST_011720,MD
CUST_014028,MI
CUST_010343,GA
CUST_010299,IN
CUST_012270,MA
CUST_010961,CA
CUST_014129,IN
CUST_011042,OH
CUST_012125,FL
CUST_011593,PA
CUST_011386,OK
CUST_013297,AZ
CUST_011317,OR
CUST_014626,PA
CUST_012988,TX
CUST_013590,TX
CUST_012962,FL
CUST_014362,OH
CUST_010547,AZ
CUST_013560,OH
CUST_013513,OK
CUST_014982,SC
CUST_014473,UT
CUST_012613,VA
CUST_011061,WI
CUST_012713,MD
CUST_012579,MD
CUST_014321,NJ
CUST_011807,WI
CUST_014209,GA
CUST_012040,MO
CUST_011577,OR
CUST_014612,MD
CUST_013070,TN
CUST_011133,NC
CUST_012301,VA
CUST_012492,TN
CUST_013422,NJ
CUST_014642,NC
CUST_012290,MN
CUST_011879,CT
CUST_013804,PA
CUST_014962,AL
CUST_014662,AL
CUST_011608,CO
CUST_011844,OK
CUST_011599,NJ
CUST_011204,CT
CUST_012141,IN
CUST_014703,TN
CUST_012101,MI
CUST_010845,OH
CUST_012724,NC
CUST_012062,WA
CUST_011163,MA
CUST_012946,FL
CUST_013278,NY
CUST_010435,AL
CUST_012330,CA
CUST_014753,CT
CUST_014893,AZ
CUST_011016,NJ
CUST_012239,IL
CUST_012646,MA
CUST_014222,FL
CUST_011326,MA
CUST_014451,IN
CUST_013427,PA
CUST_011839,OK
CUST_014578,NJ
CUST_011799,TX
CUST_010495,NJ
CUST_012417,MN
CUST_010834,CA
CUST_011467,SC
CUST_012953,MA
CUST_013262,WI
CUST_010480,TN
CUST_010511,NJ
CUST_013366,OH
CUST_013875,CO
CUST_011362,GA
CUST_011867,AZ
CUST_013159,IN
CUST_010438,PA
CUST_012464,AZ
CUST_013767,IN
CUST_013033,SC
CUST_011417,FL
CUST_014608,VA
CUST_014292,IL
CUST_013252,IN
CUST_010971,AL
CUST_014158,KY
CUST_010727,CA
CUST_011876,OR
CUST_013875,CT
CUST_014175,SC
CUST_010045,NY
CUST_011411,PA
CUST_013583,NJ
CUST_012593,CA
CUST_012479,VA
CUST_013405,MD
CUST_010988,FL
CUST_013582,IL
CUST_011087,SC
CUST_012641,MD
CUST_012571,NC
CUST_012427,OK
CUST_010775,AL
CUST_014603,KY
CUST_010923,AZ
CUST_014544,OK
CUST_011167,GA
CUST_012276,TN
CUST_010639,WI
CUST_013113,NY
CUST_011318,IL
CUST_013821,AZ
CUST_014510,AZ
CUST_012155,MA
CUST_011940,MO
CUST_011815,OR
CUST_012630,IL
CUST_012265,OH
CUST_014902,TX
CUST_013347,CT
CUST_011978,OR
CUST_012600,PA
CUST_014386,MO
CUST_014231,KY
CUST_014416,MN
CUST_014307,NJ
CUST_011263,AL
